participant_num,trial_index,stimulus,task,word,correct,reaction_time,length,lgSUBTLWF,freqGroup
1,2,tipsy,lexical_decision,TRUE,FALSE,6589,5,1.532,low
1,3,think,lexical_decision,TRUE,TRUE,757,5,5.138,high
1,4,ploke,lexical_decision,FALSE,TRUE,2096,NA,NA,nonword
1,5,gkfjvmd,lexical_decision,FALSE,TRUE,2260,NA,NA,nonword
1,6,going,lexical_decision,TRUE,TRUE,685,5,5.035,high
1,7,inhabit,lexical_decision,TRUE,TRUE,970,7,1.532,low
1,8,where,lexical_decision,TRUE,TRUE,654,5,4.97,high
1,9,tromple,lexical_decision,FALSE,FALSE,3061,NA,NA,nonword
1,10,ptbwx,lexical_decision,FALSE,TRUE,727,NA,NA,nonword
1,11,another,lexical_decision,TRUE,TRUE,803,7,4.415,high
1,12,trilogy,lexical_decision,TRUE,TRUE,3299,7,1.518,low
1,13,platter,lexical_decision,TRUE,TRUE,669,7,2.176,low
1,14,frosket,lexical_decision,FALSE,FALSE,924,NA,NA,nonword
1,15,talking,lexical_decision,TRUE,TRUE,837,7,4.405,high
1,16,aided,lexical_decision,TRUE,TRUE,1083,5,1.532,low
1,17,zvxqrdt,lexical_decision,FALSE,TRUE,695,NA,NA,nonword
1,18,ptwxlbn,lexical_decision,FALSE,TRUE,509,NA,NA,nonword
1,19,bcrztxl,lexical_decision,FALSE,TRUE,476,NA,NA,nonword
1,20,splinth,lexical_decision,FALSE,FALSE,709,NA,NA,nonword
1,21,pasty,lexical_decision,TRUE,TRUE,830,5,1.505,low
1,22,looking,lexical_decision,TRUE,TRUE,779,7,4.344,high
1,23,glonick,lexical_decision,FALSE,FALSE,2103,NA,NA,nonword
1,24,doubles,lexical_decision,TRUE,TRUE,979,7,2.173,low
1,25,threp,lexical_decision,FALSE,FALSE,534,NA,NA,nonword
1,26,qwsdfge,lexical_decision,FALSE,TRUE,670,NA,NA,nonword
1,27,fphql,lexical_decision,FALSE,TRUE,532,NA,NA,nonword
1,28,blong,lexical_decision,FALSE,FALSE,1778,NA,NA,nonword
1,29,glarp,lexical_decision,FALSE,FALSE,717,NA,NA,nonword
1,30,ribbons,lexical_decision,TRUE,TRUE,1649,7,2.176,low
1,31,lxzctgr,lexical_decision,FALSE,TRUE,545,NA,NA,nonword
1,32,snackle,lexical_decision,FALSE,FALSE,1119,NA,NA,nonword
1,33,brendle,lexical_decision,FALSE,FALSE,1018,NA,NA,nonword
1,34,brote,lexical_decision,FALSE,FALSE,662,NA,NA,nonword
1,35,doing,lexical_decision,TRUE,TRUE,545,5,4.72,high
1,36,knitted,lexical_decision,TRUE,TRUE,595,7,1.532,low
1,37,lbmwq,lexical_decision,FALSE,TRUE,690,NA,NA,nonword
1,38,bkgtl,lexical_decision,FALSE,TRUE,640,NA,NA,nonword
1,39,kwilt,lexical_decision,FALSE,FALSE,698,NA,NA,nonword
1,40,woven,lexical_decision,TRUE,TRUE,826,5,1.518,low
1,41,nothing,lexical_decision,TRUE,TRUE,493,7,4.639,high
1,42,stend,lexical_decision,FALSE,FALSE,509,NA,NA,nonword
1,43,heaving,lexical_decision,TRUE,TRUE,464,7,1.505,low
1,44,claster,lexical_decision,FALSE,FALSE,666,NA,NA,nonword
1,45,thing,lexical_decision,TRUE,TRUE,479,5,4.745,high
1,46,denim,lexical_decision,TRUE,TRUE,951,5,1.532,low
1,47,morning,lexical_decision,TRUE,TRUE,454,7,4.35,high
1,48,zxcvb,lexical_decision,FALSE,TRUE,554,NA,NA,nonword
1,49,hmfjpwb,lexical_decision,FALSE,TRUE,518,NA,NA,nonword
1,50,right,lexical_decision,TRUE,FALSE,438,5,5.311,high
1,51,flirp,lexical_decision,FALSE,FALSE,1685,NA,NA,nonword
1,52,through,lexical_decision,TRUE,TRUE,750,7,4.448,high
1,53,cjvgy,lexical_decision,FALSE,TRUE,676,NA,NA,nonword
1,54,trinity,lexical_decision,TRUE,TRUE,2022,7,2.176,low
1,55,qwsdf,lexical_decision,FALSE,TRUE,742,NA,NA,nonword
1,56,vqnfksp,lexical_decision,FALSE,TRUE,648,NA,NA,nonword
1,57,plimber,lexical_decision,FALSE,FALSE,1028,NA,NA,nonword
1,58,sized,lexical_decision,TRUE,TRUE,1307,5,1.518,low
1,59,tpszk,lexical_decision,FALSE,TRUE,660,NA,NA,nonword
1,60,maybe,lexical_decision,TRUE,TRUE,701,5,4.674,high
1,61,sorry,lexical_decision,TRUE,TRUE,514,5,4.775,high
1,62,exert,lexical_decision,TRUE,TRUE,488,5,1.544,low
1,63,believe,lexical_decision,TRUE,TRUE,481,7,4.504,high
1,64,thought,lexical_decision,TRUE,TRUE,445,7,4.615,high
1,65,taunt,lexical_decision,TRUE,TRUE,448,5,1.518,low
2,2,tromple,lexical_decision,FALSE,TRUE,2228,NA,NA,nonword
2,3,through,lexical_decision,TRUE,TRUE,1106,7,4.448,high
2,4,exert,lexical_decision,TRUE,TRUE,1140,5,1.544,low
2,5,sized,lexical_decision,TRUE,TRUE,1093,5,1.518,low
2,6,flirp,lexical_decision,FALSE,TRUE,1527,NA,NA,nonword
2,7,plimber,lexical_decision,FALSE,TRUE,2715,NA,NA,nonword
2,8,qwsdfge,lexical_decision,FALSE,TRUE,1877,NA,NA,nonword
2,9,tpszk,lexical_decision,FALSE,TRUE,1252,NA,NA,nonword
2,10,snackle,lexical_decision,FALSE,FALSE,786,NA,NA,nonword
2,11,trilogy,lexical_decision,TRUE,TRUE,736,7,1.518,low
2,12,zxcvb,lexical_decision,FALSE,TRUE,661,NA,NA,nonword
2,13,woven,lexical_decision,TRUE,TRUE,875,5,1.518,low
2,14,talking,lexical_decision,TRUE,TRUE,776,7,4.405,high
2,15,tipsy,lexical_decision,TRUE,TRUE,618,5,1.532,low
2,16,lxzctgr,lexical_decision,FALSE,TRUE,544,NA,NA,nonword
2,17,blong,lexical_decision,FALSE,FALSE,839,NA,NA,nonword
2,18,lbmwq,lexical_decision,FALSE,TRUE,669,NA,NA,nonword
2,19,aided,lexical_decision,TRUE,TRUE,791,5,1.532,low
2,20,bkgtl,lexical_decision,FALSE,TRUE,775,NA,NA,nonword
2,21,fphql,lexical_decision,FALSE,TRUE,846,NA,NA,nonword
2,22,vqnfksp,lexical_decision,FALSE,TRUE,837,NA,NA,nonword
2,23,kwilt,lexical_decision,FALSE,FALSE,754,NA,NA,nonword
2,24,zvxqrdt,lexical_decision,FALSE,TRUE,555,NA,NA,nonword
2,25,frosket,lexical_decision,FALSE,FALSE,644,NA,NA,nonword
2,26,heaving,lexical_decision,TRUE,TRUE,904,7,1.505,low
2,27,claster,lexical_decision,FALSE,FALSE,679,NA,NA,nonword
2,28,maybe,lexical_decision,TRUE,TRUE,557,5,4.674,high
2,29,splinth,lexical_decision,FALSE,FALSE,705,NA,NA,nonword
2,30,pasty,lexical_decision,TRUE,TRUE,614,5,1.505,low
2,31,nothing,lexical_decision,TRUE,TRUE,449,7,4.639,high
2,32,qwsdf,lexical_decision,FALSE,TRUE,515,NA,NA,nonword
2,33,glarp,lexical_decision,FALSE,FALSE,551,NA,NA,nonword
2,34,knitted,lexical_decision,TRUE,TRUE,633,7,1.532,low
2,35,think,lexical_decision,TRUE,TRUE,480,5,5.138,high
2,36,another,lexical_decision,TRUE,TRUE,470,7,4.415,high
2,37,trinity,lexical_decision,TRUE,TRUE,463,7,2.176,low
2,38,thing,lexical_decision,TRUE,TRUE,434,5,4.745,high
2,39,bcrztxl,lexical_decision,FALSE,TRUE,648,NA,NA,nonword
2,40,right,lexical_decision,TRUE,TRUE,359,5,5.311,high
2,41,cjvgy,lexical_decision,FALSE,TRUE,1046,NA,NA,nonword
2,42,ploke,lexical_decision,FALSE,FALSE,1178,NA,NA,nonword
2,43,threp,lexical_decision,FALSE,FALSE,515,NA,NA,nonword
2,44,ptbwx,lexical_decision,FALSE,TRUE,685,NA,NA,nonword
2,45,ribbons,lexical_decision,TRUE,TRUE,1053,7,2.176,low
2,46,glonick,lexical_decision,FALSE,FALSE,881,NA,NA,nonword
2,47,believe,lexical_decision,TRUE,TRUE,670,7,4.504,high
2,48,brendle,lexical_decision,FALSE,FALSE,471,NA,NA,nonword
2,49,sorry,lexical_decision,TRUE,TRUE,802,5,4.775,high
2,50,hmfjpwb,lexical_decision,FALSE,TRUE,536,NA,NA,nonword
2,51,thought,lexical_decision,TRUE,TRUE,808,7,4.615,high
2,52,gkfjvmd,lexical_decision,FALSE,TRUE,556,NA,NA,nonword
2,53,doubles,lexical_decision,TRUE,TRUE,557,7,2.173,low
2,54,platter,lexical_decision,TRUE,TRUE,645,7,2.176,low
2,55,going,lexical_decision,TRUE,TRUE,583,5,5.035,high
2,56,brote,lexical_decision,FALSE,FALSE,557,NA,NA,nonword
2,57,ptwxlbn,lexical_decision,FALSE,TRUE,525,NA,NA,nonword
2,58,stend,lexical_decision,FALSE,FALSE,651,NA,NA,nonword
2,59,denim,lexical_decision,TRUE,TRUE,537,5,1.532,low
2,60,inhabit,lexical_decision,TRUE,TRUE,779,7,1.532,low
2,61,looking,lexical_decision,TRUE,TRUE,424,7,4.344,high
2,62,doing,lexical_decision,TRUE,TRUE,450,5,4.72,high
2,63,morning,lexical_decision,TRUE,TRUE,393,7,4.35,high
2,64,taunt,lexical_decision,TRUE,TRUE,471,5,1.518,low
2,65,where,lexical_decision,TRUE,TRUE,543,5,4.97,high
3,2,brote,lexical_decision,FALSE,TRUE,2414,NA,NA,nonword
3,3,kwilt,lexical_decision,FALSE,TRUE,1313,NA,NA,nonword
3,4,sorry,lexical_decision,TRUE,TRUE,964,5,4.775,high
3,5,stend,lexical_decision,FALSE,TRUE,1296,NA,NA,nonword
3,6,glonick,lexical_decision,FALSE,TRUE,941,NA,NA,nonword
3,7,through,lexical_decision,TRUE,TRUE,685,7,4.448,high
3,8,right,lexical_decision,TRUE,TRUE,704,5,5.311,high
3,9,gkfjvmd,lexical_decision,FALSE,TRUE,778,NA,NA,nonword
3,10,nothing,lexical_decision,TRUE,TRUE,829,7,4.639,high
3,11,taunt,lexical_decision,TRUE,TRUE,1713,5,1.518,low
3,12,thing,lexical_decision,TRUE,TRUE,1042,5,4.745,high
3,13,maybe,lexical_decision,TRUE,TRUE,648,5,4.674,high
3,14,exert,lexical_decision,TRUE,TRUE,709,5,1.544,low
3,15,thought,lexical_decision,TRUE,TRUE,654,7,4.615,high
3,16,tpszk,lexical_decision,FALSE,TRUE,584,NA,NA,nonword
3,17,lxzctgr,lexical_decision,FALSE,TRUE,562,NA,NA,nonword
3,18,another,lexical_decision,TRUE,TRUE,868,7,4.415,high
3,19,morning,lexical_decision,TRUE,TRUE,1004,7,4.35,high
3,20,frosket,lexical_decision,FALSE,TRUE,2299,NA,NA,nonword
3,21,lbmwq,lexical_decision,FALSE,TRUE,696,NA,NA,nonword
3,22,trinity,lexical_decision,TRUE,TRUE,1915,7,2.176,low
3,23,splinth,lexical_decision,FALSE,TRUE,1023,NA,NA,nonword
3,24,glarp,lexical_decision,FALSE,TRUE,817,NA,NA,nonword
3,25,vqnfksp,lexical_decision,FALSE,TRUE,714,NA,NA,nonword
3,26,pasty,lexical_decision,TRUE,TRUE,797,5,1.505,low
3,27,knitted,lexical_decision,TRUE,TRUE,856,7,1.532,low
3,28,snackle,lexical_decision,FALSE,FALSE,1449,NA,NA,nonword
3,29,inhabit,lexical_decision,TRUE,TRUE,699,7,1.532,low
3,30,doubles,lexical_decision,TRUE,TRUE,2081,7,2.173,low
3,31,ptbwx,lexical_decision,FALSE,TRUE,979,NA,NA,nonword
3,32,zvxqrdt,lexical_decision,FALSE,TRUE,608,NA,NA,nonword
3,33,talking,lexical_decision,TRUE,TRUE,1501,7,4.405,high
3,34,looking,lexical_decision,TRUE,TRUE,559,7,4.344,high
3,35,claster,lexical_decision,FALSE,TRUE,2435,NA,NA,nonword
3,36,trilogy,lexical_decision,TRUE,TRUE,769,7,1.518,low
3,37,tipsy,lexical_decision,TRUE,TRUE,781,5,1.532,low
3,38,ribbons,lexical_decision,TRUE,TRUE,1343,7,2.176,low
3,39,qwsdf,lexical_decision,FALSE,TRUE,690,NA,NA,nonword
3,40,ploke,lexical_decision,FALSE,TRUE,1149,NA,NA,nonword
3,41,aided,lexical_decision,TRUE,TRUE,854,5,1.532,low
3,42,heaving,lexical_decision,TRUE,TRUE,820,7,1.505,low
3,43,threp,lexical_decision,FALSE,TRUE,1499,NA,NA,nonword
3,44,think,lexical_decision,TRUE,TRUE,621,5,5.138,high
3,45,zxcvb,lexical_decision,FALSE,TRUE,789,NA,NA,nonword
3,46,denim,lexical_decision,TRUE,TRUE,1278,5,1.532,low
3,47,platter,lexical_decision,TRUE,TRUE,835,7,2.176,low
3,48,doing,lexical_decision,TRUE,TRUE,2085,5,4.72,high
3,49,bcrztxl,lexical_decision,FALSE,TRUE,626,NA,NA,nonword
3,50,plimber,lexical_decision,FALSE,TRUE,1201,NA,NA,nonword
3,51,tromple,lexical_decision,FALSE,TRUE,968,NA,NA,nonword
3,52,brendle,lexical_decision,FALSE,TRUE,988,NA,NA,nonword
3,53,blong,lexical_decision,FALSE,TRUE,847,NA,NA,nonword
3,54,sized,lexical_decision,TRUE,TRUE,731,5,1.518,low
3,55,bkgtl,lexical_decision,FALSE,TRUE,750,NA,NA,nonword
3,56,fphql,lexical_decision,FALSE,TRUE,634,NA,NA,nonword
3,57,believe,lexical_decision,TRUE,TRUE,833,7,4.504,high
3,58,where,lexical_decision,TRUE,TRUE,595,5,4.97,high
3,59,hmfjpwb,lexical_decision,FALSE,TRUE,579,NA,NA,nonword
3,60,ptwxlbn,lexical_decision,FALSE,TRUE,589,NA,NA,nonword
3,61,going,lexical_decision,TRUE,TRUE,606,5,5.035,high
3,62,cjvgy,lexical_decision,FALSE,TRUE,563,NA,NA,nonword
3,63,woven,lexical_decision,TRUE,TRUE,811,5,1.518,low
3,64,flirp,lexical_decision,FALSE,TRUE,705,NA,NA,nonword
3,65,qwsdfge,lexical_decision,FALSE,TRUE,893,NA,NA,nonword
4,2,pasty,lexical_decision,TRUE,TRUE,1836,5,1.505,low
4,3,plimber,lexical_decision,FALSE,TRUE,1509,NA,NA,nonword
4,4,another,lexical_decision,TRUE,TRUE,865,7,4.415,high
4,5,believe,lexical_decision,TRUE,TRUE,614,7,4.504,high
4,6,bcrztxl,lexical_decision,FALSE,TRUE,676,NA,NA,nonword
4,7,zvxqrdt,lexical_decision,FALSE,TRUE,626,NA,NA,nonword
4,8,qwsdfge,lexical_decision,FALSE,TRUE,558,NA,NA,nonword
4,9,morning,lexical_decision,TRUE,TRUE,655,7,4.35,high
4,10,platter,lexical_decision,TRUE,TRUE,566,7,2.176,low
4,11,fphql,lexical_decision,FALSE,TRUE,647,NA,NA,nonword
4,12,talking,lexical_decision,TRUE,TRUE,566,7,4.405,high
4,13,brote,lexical_decision,FALSE,TRUE,1008,NA,NA,nonword
4,14,heaving,lexical_decision,TRUE,TRUE,768,7,1.505,low
4,15,doing,lexical_decision,TRUE,TRUE,1381,5,4.72,high
4,16,ptbwx,lexical_decision,FALSE,TRUE,736,NA,NA,nonword
4,17,trilogy,lexical_decision,TRUE,TRUE,1098,7,1.518,low
4,18,kwilt,lexical_decision,FALSE,TRUE,1461,NA,NA,nonword
4,19,sized,lexical_decision,TRUE,TRUE,803,5,1.518,low
4,20,brendle,lexical_decision,FALSE,TRUE,1039,NA,NA,nonword
4,21,nothing,lexical_decision,TRUE,TRUE,714,7,4.639,high
4,22,cjvgy,lexical_decision,FALSE,TRUE,691,NA,NA,nonword
4,23,going,lexical_decision,TRUE,TRUE,736,5,5.035,high
4,24,ptwxlbn,lexical_decision,FALSE,TRUE,783,NA,NA,nonword
4,25,denim,lexical_decision,TRUE,TRUE,953,5,1.532,low
4,26,tipsy,lexical_decision,TRUE,TRUE,694,5,1.532,low
4,27,trinity,lexical_decision,TRUE,TRUE,568,7,2.176,low
4,28,doubles,lexical_decision,TRUE,TRUE,532,7,2.173,low
4,29,woven,lexical_decision,TRUE,TRUE,537,5,1.518,low
4,30,snackle,lexical_decision,FALSE,TRUE,1066,NA,NA,nonword
4,31,through,lexical_decision,TRUE,TRUE,818,7,4.448,high
4,32,knitted,lexical_decision,TRUE,TRUE,632,7,1.532,low
4,33,sorry,lexical_decision,TRUE,TRUE,506,5,4.775,high
4,34,vqnfksp,lexical_decision,FALSE,TRUE,543,NA,NA,nonword
4,35,taunt,lexical_decision,TRUE,TRUE,628,5,1.518,low
4,36,ploke,lexical_decision,FALSE,TRUE,1114,NA,NA,nonword
4,37,tpszk,lexical_decision,FALSE,TRUE,704,NA,NA,nonword
4,38,bkgtl,lexical_decision,FALSE,TRUE,726,NA,NA,nonword
4,39,lxzctgr,lexical_decision,FALSE,TRUE,641,NA,NA,nonword
4,40,where,lexical_decision,TRUE,TRUE,724,5,4.97,high
4,41,zxcvb,lexical_decision,FALSE,TRUE,748,NA,NA,nonword
4,42,ribbons,lexical_decision,TRUE,TRUE,729,7,2.176,low
4,43,think,lexical_decision,TRUE,TRUE,672,5,5.138,high
4,44,lbmwq,lexical_decision,FALSE,TRUE,644,NA,NA,nonword
4,45,glonick,lexical_decision,FALSE,TRUE,1128,NA,NA,nonword
4,46,looking,lexical_decision,TRUE,TRUE,717,7,4.344,high
4,47,maybe,lexical_decision,TRUE,TRUE,620,5,4.674,high
4,48,thought,lexical_decision,TRUE,TRUE,689,7,4.615,high
4,49,aided,lexical_decision,TRUE,TRUE,690,5,1.532,low
4,50,hmfjpwb,lexical_decision,FALSE,TRUE,580,NA,NA,nonword
4,51,blong,lexical_decision,FALSE,FALSE,617,NA,NA,nonword
4,52,inhabit,lexical_decision,TRUE,TRUE,1582,7,1.532,low
4,53,exert,lexical_decision,TRUE,TRUE,1175,5,1.544,low
4,54,qwsdf,lexical_decision,FALSE,TRUE,605,NA,NA,nonword
4,55,thing,lexical_decision,TRUE,TRUE,881,5,4.745,high
4,56,frosket,lexical_decision,FALSE,TRUE,960,NA,NA,nonword
4,57,claster,lexical_decision,FALSE,TRUE,1174,NA,NA,nonword
4,58,glarp,lexical_decision,FALSE,TRUE,962,NA,NA,nonword
4,59,splinth,lexical_decision,FALSE,TRUE,822,NA,NA,nonword
4,60,gkfjvmd,lexical_decision,FALSE,TRUE,774,NA,NA,nonword
4,61,right,lexical_decision,TRUE,TRUE,717,5,5.311,high
4,62,threp,lexical_decision,FALSE,TRUE,832,NA,NA,nonword
4,63,tromple,lexical_decision,FALSE,TRUE,1003,NA,NA,nonword
4,64,flirp,lexical_decision,FALSE,TRUE,1031,NA,NA,nonword
4,65,stend,lexical_decision,FALSE,TRUE,799,NA,NA,nonword
5,2,kwilt,lexical_decision,FALSE,TRUE,1708,NA,NA,nonword
5,3,brendle,lexical_decision,FALSE,TRUE,2872,NA,NA,nonword
5,4,bcrztxl,lexical_decision,FALSE,TRUE,1248,NA,NA,nonword
5,5,believe,lexical_decision,TRUE,TRUE,723,7,4.504,high
5,6,inhabit,lexical_decision,TRUE,TRUE,1265,7,1.532,low
5,7,heaving,lexical_decision,TRUE,TRUE,1545,7,1.505,low
5,8,doubles,lexical_decision,TRUE,TRUE,602,7,2.173,low
5,9,frosket,lexical_decision,FALSE,TRUE,1012,NA,NA,nonword
5,10,hmfjpwb,lexical_decision,FALSE,TRUE,905,NA,NA,nonword
5,11,where,lexical_decision,TRUE,TRUE,1010,5,4.97,high
5,12,platter,lexical_decision,TRUE,TRUE,808,7,2.176,low
5,13,thing,lexical_decision,TRUE,TRUE,743,5,4.745,high
5,14,zxcvb,lexical_decision,FALSE,TRUE,587,NA,NA,nonword
5,15,pasty,lexical_decision,TRUE,TRUE,626,5,1.505,low
5,16,through,lexical_decision,TRUE,TRUE,1516,7,4.448,high
5,17,exert,lexical_decision,TRUE,TRUE,796,5,1.544,low
5,18,stend,lexical_decision,FALSE,TRUE,926,NA,NA,nonword
5,19,qwsdf,lexical_decision,FALSE,TRUE,809,NA,NA,nonword
5,20,nothing,lexical_decision,TRUE,TRUE,1022,7,4.639,high
5,21,splinth,lexical_decision,FALSE,TRUE,1201,NA,NA,nonword
5,22,think,lexical_decision,TRUE,TRUE,689,5,5.138,high
5,23,taunt,lexical_decision,TRUE,TRUE,925,5,1.518,low
5,24,threp,lexical_decision,FALSE,TRUE,775,NA,NA,nonword
5,25,ploke,lexical_decision,FALSE,TRUE,1023,NA,NA,nonword
5,26,tromple,lexical_decision,FALSE,TRUE,740,NA,NA,nonword
5,27,fphql,lexical_decision,FALSE,TRUE,749,NA,NA,nonword
5,28,sorry,lexical_decision,TRUE,TRUE,698,5,4.775,high
5,29,snackle,lexical_decision,FALSE,FALSE,1270,NA,NA,nonword
5,30,maybe,lexical_decision,TRUE,TRUE,1155,5,4.674,high
5,31,plimber,lexical_decision,FALSE,FALSE,502,NA,NA,nonword
5,32,woven,lexical_decision,TRUE,TRUE,1255,5,1.518,low
5,33,zvxqrdt,lexical_decision,FALSE,TRUE,575,NA,NA,nonword
5,34,talking,lexical_decision,TRUE,TRUE,882,7,4.405,high
5,35,knitted,lexical_decision,TRUE,TRUE,835,7,1.532,low
5,36,going,lexical_decision,TRUE,TRUE,757,5,5.035,high
5,37,glonick,lexical_decision,FALSE,TRUE,782,NA,NA,nonword
5,38,denim,lexical_decision,TRUE,TRUE,703,5,1.532,low
5,39,trinity,lexical_decision,TRUE,TRUE,652,7,2.176,low
5,40,cjvgy,lexical_decision,FALSE,TRUE,606,NA,NA,nonword
5,41,blong,lexical_decision,FALSE,TRUE,863,NA,NA,nonword
5,42,qwsdfge,lexical_decision,FALSE,TRUE,510,NA,NA,nonword
5,43,thought,lexical_decision,TRUE,TRUE,809,7,4.615,high
5,44,tpszk,lexical_decision,FALSE,TRUE,651,NA,NA,nonword
5,45,ptwxlbn,lexical_decision,FALSE,TRUE,579,NA,NA,nonword
5,46,tipsy,lexical_decision,TRUE,TRUE,576,5,1.532,low
5,47,lbmwq,lexical_decision,FALSE,TRUE,535,NA,NA,nonword
5,48,brote,lexical_decision,FALSE,FALSE,639,NA,NA,nonword
5,49,aided,lexical_decision,TRUE,TRUE,1940,5,1.532,low
5,50,doing,lexical_decision,TRUE,TRUE,1733,5,4.72,high
5,51,another,lexical_decision,TRUE,TRUE,740,7,4.415,high
5,52,trilogy,lexical_decision,TRUE,TRUE,728,7,1.518,low
5,53,vqnfksp,lexical_decision,FALSE,TRUE,653,NA,NA,nonword
5,54,ribbons,lexical_decision,TRUE,TRUE,672,7,2.176,low
5,55,morning,lexical_decision,TRUE,TRUE,685,7,4.35,high
5,56,gkfjvmd,lexical_decision,FALSE,TRUE,591,NA,NA,nonword
5,57,sized,lexical_decision,TRUE,TRUE,685,5,1.518,low
5,58,ptbwx,lexical_decision,FALSE,TRUE,602,NA,NA,nonword
5,59,glarp,lexical_decision,FALSE,TRUE,916,NA,NA,nonword
5,60,claster,lexical_decision,FALSE,TRUE,947,NA,NA,nonword
5,61,bkgtl,lexical_decision,FALSE,TRUE,513,NA,NA,nonword
5,62,right,lexical_decision,TRUE,TRUE,564,5,5.311,high
5,63,looking,lexical_decision,TRUE,TRUE,635,7,4.344,high
5,64,flirp,lexical_decision,FALSE,TRUE,788,NA,NA,nonword
5,65,lxzctgr,lexical_decision,FALSE,TRUE,866,NA,NA,nonword
6,2,right,lexical_decision,TRUE,TRUE,1389,5,5.311,high
6,3,tipsy,lexical_decision,TRUE,FALSE,1295,5,1.532,low
6,4,qwsdf,lexical_decision,FALSE,TRUE,839,NA,NA,nonword
6,5,splinth,lexical_decision,FALSE,TRUE,1663,NA,NA,nonword
6,6,sorry,lexical_decision,TRUE,TRUE,799,5,4.775,high
6,7,doing,lexical_decision,TRUE,TRUE,759,5,4.72,high
6,8,knitted,lexical_decision,TRUE,TRUE,1119,7,1.532,low
6,9,maybe,lexical_decision,TRUE,TRUE,743,5,4.674,high
6,10,ptbwx,lexical_decision,FALSE,TRUE,783,NA,NA,nonword
6,11,zvxqrdt,lexical_decision,FALSE,TRUE,575,NA,NA,nonword
6,12,fphql,lexical_decision,FALSE,TRUE,776,NA,NA,nonword
6,13,kwilt,lexical_decision,FALSE,TRUE,567,NA,NA,nonword
6,14,pasty,lexical_decision,TRUE,TRUE,1111,5,1.505,low
6,15,thought,lexical_decision,TRUE,FALSE,1927,7,4.615,high
6,16,bkgtl,lexical_decision,FALSE,TRUE,1679,NA,NA,nonword
6,17,believe,lexical_decision,TRUE,TRUE,831,7,4.504,high
6,18,tromple,lexical_decision,FALSE,TRUE,1255,NA,NA,nonword
6,19,inhabit,lexical_decision,TRUE,TRUE,1408,7,1.532,low
6,20,through,lexical_decision,TRUE,TRUE,751,7,4.448,high
6,21,heaving,lexical_decision,TRUE,TRUE,720,7,1.505,low
6,22,ploke,lexical_decision,FALSE,FALSE,2055,NA,NA,nonword
6,23,snackle,lexical_decision,FALSE,FALSE,1479,NA,NA,nonword
6,24,going,lexical_decision,TRUE,TRUE,1375,5,5.035,high
6,25,blong,lexical_decision,FALSE,TRUE,1447,NA,NA,nonword
6,26,frosket,lexical_decision,FALSE,TRUE,1263,NA,NA,nonword
6,27,woven,lexical_decision,TRUE,TRUE,1095,5,1.518,low
6,28,tpszk,lexical_decision,FALSE,TRUE,743,NA,NA,nonword
6,29,vqnfksp,lexical_decision,FALSE,TRUE,584,NA,NA,nonword
6,30,looking,lexical_decision,TRUE,TRUE,879,7,4.344,high
6,31,talking,lexical_decision,TRUE,TRUE,631,7,4.405,high
6,32,stend,lexical_decision,FALSE,TRUE,999,NA,NA,nonword
6,33,claster,lexical_decision,FALSE,TRUE,2647,NA,NA,nonword
6,34,brendle,lexical_decision,FALSE,TRUE,1487,NA,NA,nonword
6,35,where,lexical_decision,TRUE,TRUE,704,5,4.97,high
6,36,threp,lexical_decision,FALSE,TRUE,760,NA,NA,nonword
6,37,trilogy,lexical_decision,TRUE,FALSE,879,7,1.518,low
6,38,ribbons,lexical_decision,TRUE,TRUE,751,7,2.176,low
6,39,think,lexical_decision,TRUE,TRUE,816,5,5.138,high
6,40,gkfjvmd,lexical_decision,FALSE,TRUE,679,NA,NA,nonword
6,41,trinity,lexical_decision,TRUE,TRUE,1031,7,2.176,low
6,42,brote,lexical_decision,FALSE,TRUE,783,NA,NA,nonword
6,43,thing,lexical_decision,TRUE,TRUE,912,5,4.745,high
6,44,bcrztxl,lexical_decision,FALSE,TRUE,671,NA,NA,nonword
6,45,morning,lexical_decision,TRUE,TRUE,687,7,4.35,high
6,46,cjvgy,lexical_decision,FALSE,TRUE,927,NA,NA,nonword
6,47,hmfjpwb,lexical_decision,FALSE,TRUE,623,NA,NA,nonword
6,48,glonick,lexical_decision,FALSE,TRUE,688,NA,NA,nonword
6,49,taunt,lexical_decision,TRUE,TRUE,1103,5,1.518,low
6,50,glarp,lexical_decision,FALSE,TRUE,1391,NA,NA,nonword
6,51,ptwxlbn,lexical_decision,FALSE,TRUE,976,NA,NA,nonword
6,52,denim,lexical_decision,TRUE,TRUE,919,5,1.532,low
6,53,nothing,lexical_decision,TRUE,TRUE,720,7,4.639,high
6,54,qwsdfge,lexical_decision,FALSE,TRUE,687,NA,NA,nonword
6,55,platter,lexical_decision,TRUE,TRUE,967,7,2.176,low
6,56,lxzctgr,lexical_decision,FALSE,TRUE,720,NA,NA,nonword
6,57,flirp,lexical_decision,FALSE,TRUE,999,NA,NA,nonword
6,58,aided,lexical_decision,TRUE,TRUE,799,5,1.532,low
6,59,plimber,lexical_decision,FALSE,TRUE,1543,NA,NA,nonword
6,60,another,lexical_decision,TRUE,TRUE,1247,7,4.415,high
6,61,exert,lexical_decision,TRUE,FALSE,887,5,1.544,low
6,62,lbmwq,lexical_decision,FALSE,TRUE,1672,NA,NA,nonword
6,63,sized,lexical_decision,TRUE,TRUE,959,5,1.518,low
6,64,doubles,lexical_decision,TRUE,TRUE,1191,7,2.173,low
6,65,zxcvb,lexical_decision,FALSE,TRUE,1095,NA,NA,nonword
7,2,doing,lexical_decision,TRUE,TRUE,1025,5,4.72,high
7,3,ptwxlbn,lexical_decision,FALSE,TRUE,696,NA,NA,nonword
7,4,blong,lexical_decision,FALSE,TRUE,1118,NA,NA,nonword
7,5,denim,lexical_decision,TRUE,TRUE,772,5,1.532,low
7,6,heaving,lexical_decision,TRUE,TRUE,1169,7,1.505,low
7,7,lxzctgr,lexical_decision,FALSE,TRUE,1173,NA,NA,nonword
7,8,sorry,lexical_decision,TRUE,TRUE,874,5,4.775,high
7,9,qwsdf,lexical_decision,FALSE,TRUE,716,NA,NA,nonword
7,10,doubles,lexical_decision,TRUE,TRUE,836,7,2.173,low
7,11,threp,lexical_decision,FALSE,TRUE,912,NA,NA,nonword
7,12,tipsy,lexical_decision,TRUE,TRUE,722,5,1.532,low
7,13,pasty,lexical_decision,TRUE,TRUE,749,5,1.505,low
7,14,looking,lexical_decision,TRUE,TRUE,664,7,4.344,high
7,15,fphql,lexical_decision,FALSE,TRUE,603,NA,NA,nonword
7,16,thing,lexical_decision,TRUE,TRUE,837,5,4.745,high
7,17,zxcvb,lexical_decision,FALSE,TRUE,769,NA,NA,nonword
7,18,brote,lexical_decision,FALSE,TRUE,1023,NA,NA,nonword
7,19,tpszk,lexical_decision,FALSE,TRUE,760,NA,NA,nonword
7,20,frosket,lexical_decision,FALSE,FALSE,2113,NA,NA,nonword
7,21,vqnfksp,lexical_decision,FALSE,TRUE,808,NA,NA,nonword
7,22,bcrztxl,lexical_decision,FALSE,TRUE,551,NA,NA,nonword
7,23,maybe,lexical_decision,TRUE,TRUE,670,5,4.674,high
7,24,going,lexical_decision,TRUE,TRUE,627,5,5.035,high
7,25,nothing,lexical_decision,TRUE,FALSE,804,7,4.639,high
7,26,believe,lexical_decision,TRUE,TRUE,2579,7,4.504,high
7,27,taunt,lexical_decision,TRUE,TRUE,834,5,1.518,low
7,28,trinity,lexical_decision,TRUE,TRUE,752,7,2.176,low
7,29,bkgtl,lexical_decision,FALSE,TRUE,904,NA,NA,nonword
7,30,stend,lexical_decision,FALSE,TRUE,1180,NA,NA,nonword
7,31,knitted,lexical_decision,TRUE,TRUE,782,7,1.532,low
7,32,qwsdfge,lexical_decision,FALSE,TRUE,610,NA,NA,nonword
7,33,splinth,lexical_decision,FALSE,TRUE,1462,NA,NA,nonword
7,34,cjvgy,lexical_decision,FALSE,TRUE,965,NA,NA,nonword
7,35,snackle,lexical_decision,FALSE,TRUE,1156,NA,NA,nonword
7,36,inhabit,lexical_decision,TRUE,TRUE,734,7,1.532,low
7,37,brendle,lexical_decision,FALSE,TRUE,1198,NA,NA,nonword
7,38,trilogy,lexical_decision,TRUE,TRUE,767,7,1.518,low
7,39,plimber,lexical_decision,FALSE,TRUE,1074,NA,NA,nonword
7,40,ploke,lexical_decision,FALSE,FALSE,1583,NA,NA,nonword
7,41,thought,lexical_decision,TRUE,TRUE,1389,7,4.615,high
7,42,hmfjpwb,lexical_decision,FALSE,TRUE,1126,NA,NA,nonword
7,43,claster,lexical_decision,FALSE,TRUE,1381,NA,NA,nonword
7,44,lbmwq,lexical_decision,FALSE,TRUE,683,NA,NA,nonword
7,45,kwilt,lexical_decision,FALSE,TRUE,422,NA,NA,nonword
7,46,woven,lexical_decision,TRUE,TRUE,1708,5,1.518,low
7,47,ribbons,lexical_decision,TRUE,TRUE,622,7,2.176,low
7,48,glonick,lexical_decision,FALSE,TRUE,1037,NA,NA,nonword
7,49,through,lexical_decision,TRUE,TRUE,1088,7,4.448,high
7,50,flirp,lexical_decision,FALSE,TRUE,1272,NA,NA,nonword
7,51,tromple,lexical_decision,FALSE,TRUE,2006,NA,NA,nonword
7,52,glarp,lexical_decision,FALSE,TRUE,919,NA,NA,nonword
7,53,sized,lexical_decision,TRUE,TRUE,845,5,1.518,low
7,54,platter,lexical_decision,TRUE,TRUE,1148,7,2.176,low
7,55,zvxqrdt,lexical_decision,FALSE,TRUE,644,NA,NA,nonword
7,56,ptbwx,lexical_decision,FALSE,TRUE,850,NA,NA,nonword
7,57,morning,lexical_decision,TRUE,TRUE,687,7,4.35,high
7,58,exert,lexical_decision,TRUE,TRUE,1493,5,1.544,low
7,59,think,lexical_decision,TRUE,TRUE,582,5,5.138,high
7,60,right,lexical_decision,TRUE,TRUE,709,5,5.311,high
7,61,where,lexical_decision,TRUE,TRUE,686,5,4.97,high
7,62,talking,lexical_decision,TRUE,TRUE,822,7,4.405,high
7,63,aided,lexical_decision,TRUE,TRUE,985,5,1.532,low
7,64,another,lexical_decision,TRUE,TRUE,670,7,4.415,high
7,65,gkfjvmd,lexical_decision,FALSE,TRUE,717,NA,NA,nonword
8,2,knitted,lexical_decision,TRUE,TRUE,1183,7,1.532,low
8,3,aided,lexical_decision,TRUE,TRUE,753,5,1.532,low
8,4,stend,lexical_decision,FALSE,TRUE,1638,NA,NA,nonword
8,5,ptwxlbn,lexical_decision,FALSE,TRUE,2274,NA,NA,nonword
8,6,kwilt,lexical_decision,FALSE,FALSE,984,NA,NA,nonword
8,7,vqnfksp,lexical_decision,FALSE,TRUE,720,NA,NA,nonword
8,8,woven,lexical_decision,TRUE,TRUE,751,5,1.518,low
8,9,ptbwx,lexical_decision,FALSE,TRUE,1166,NA,NA,nonword
8,10,nothing,lexical_decision,TRUE,TRUE,706,7,4.639,high
8,11,going,lexical_decision,TRUE,TRUE,535,5,5.035,high
8,12,zvxqrdt,lexical_decision,FALSE,TRUE,613,NA,NA,nonword
8,13,threp,lexical_decision,FALSE,FALSE,822,NA,NA,nonword
8,14,brote,lexical_decision,FALSE,TRUE,1885,NA,NA,nonword
8,15,believe,lexical_decision,TRUE,TRUE,707,7,4.504,high
8,16,glarp,lexical_decision,FALSE,FALSE,1802,NA,NA,nonword
8,17,frosket,lexical_decision,FALSE,FALSE,1467,NA,NA,nonword
8,18,through,lexical_decision,TRUE,TRUE,834,7,4.448,high
8,19,claster,lexical_decision,FALSE,FALSE,602,NA,NA,nonword
8,20,ribbons,lexical_decision,TRUE,TRUE,585,7,2.176,low
8,21,trilogy,lexical_decision,TRUE,TRUE,521,7,1.518,low
8,22,think,lexical_decision,TRUE,TRUE,497,5,5.138,high
8,23,another,lexical_decision,TRUE,TRUE,487,7,4.415,high
8,24,cjvgy,lexical_decision,FALSE,TRUE,687,NA,NA,nonword
8,25,thing,lexical_decision,TRUE,TRUE,691,5,4.745,high
8,26,where,lexical_decision,TRUE,TRUE,457,5,4.97,high
8,27,splinth,lexical_decision,FALSE,FALSE,480,NA,NA,nonword
8,28,tromple,lexical_decision,FALSE,FALSE,1395,NA,NA,nonword
8,29,sized,lexical_decision,TRUE,TRUE,538,5,1.518,low
8,30,plimber,lexical_decision,FALSE,FALSE,2537,NA,NA,nonword
8,31,glonick,lexical_decision,FALSE,TRUE,2811,NA,NA,nonword
8,32,pasty,lexical_decision,TRUE,TRUE,942,5,1.505,low
8,33,taunt,lexical_decision,TRUE,TRUE,583,5,1.518,low
8,34,brendle,lexical_decision,FALSE,FALSE,518,NA,NA,nonword
8,35,heaving,lexical_decision,TRUE,TRUE,584,7,1.505,low
8,36,looking,lexical_decision,TRUE,TRUE,420,7,4.344,high
8,37,denim,lexical_decision,TRUE,TRUE,627,5,1.532,low
8,38,platter,lexical_decision,TRUE,TRUE,428,7,2.176,low
8,39,qwsdfge,lexical_decision,FALSE,TRUE,572,NA,NA,nonword
8,40,maybe,lexical_decision,TRUE,TRUE,661,5,4.674,high
8,41,qwsdf,lexical_decision,FALSE,TRUE,583,NA,NA,nonword
8,42,blong,lexical_decision,FALSE,FALSE,548,NA,NA,nonword
8,43,inhabit,lexical_decision,TRUE,TRUE,983,7,1.532,low
8,44,lxzctgr,lexical_decision,FALSE,TRUE,625,NA,NA,nonword
8,45,zxcvb,lexical_decision,FALSE,TRUE,1136,NA,NA,nonword
8,46,snackle,lexical_decision,FALSE,FALSE,610,NA,NA,nonword
8,47,trinity,lexical_decision,TRUE,TRUE,643,7,2.176,low
8,48,lbmwq,lexical_decision,FALSE,TRUE,548,NA,NA,nonword
8,49,doubles,lexical_decision,TRUE,TRUE,706,7,2.173,low
8,50,bcrztxl,lexical_decision,FALSE,TRUE,571,NA,NA,nonword
8,51,sorry,lexical_decision,TRUE,TRUE,613,5,4.775,high
8,52,hmfjpwb,lexical_decision,FALSE,TRUE,954,NA,NA,nonword
8,53,gkfjvmd,lexical_decision,FALSE,TRUE,683,NA,NA,nonword
8,54,right,lexical_decision,TRUE,TRUE,722,5,5.311,high
8,55,ploke,lexical_decision,FALSE,FALSE,426,NA,NA,nonword
8,56,fphql,lexical_decision,FALSE,TRUE,612,NA,NA,nonword
8,57,bkgtl,lexical_decision,FALSE,TRUE,532,NA,NA,nonword
8,58,exert,lexical_decision,TRUE,TRUE,1442,5,1.544,low
8,59,talking,lexical_decision,TRUE,TRUE,522,7,4.405,high
8,60,morning,lexical_decision,TRUE,TRUE,495,7,4.35,high
8,61,tipsy,lexical_decision,TRUE,TRUE,415,5,1.532,low
8,62,thought,lexical_decision,TRUE,TRUE,431,7,4.615,high
8,63,tpszk,lexical_decision,FALSE,TRUE,615,NA,NA,nonword
8,64,flirp,lexical_decision,FALSE,FALSE,563,NA,NA,nonword
8,65,doing,lexical_decision,TRUE,FALSE,459,5,4.72,high
9,2,doubles,lexical_decision,TRUE,TRUE,1352,7,2.173,low
9,3,ploke,lexical_decision,FALSE,TRUE,1244,NA,NA,nonword
9,4,lxzctgr,lexical_decision,FALSE,TRUE,828,NA,NA,nonword
9,5,talking,lexical_decision,TRUE,TRUE,843,7,4.405,high
9,6,thought,lexical_decision,TRUE,TRUE,570,7,4.615,high
9,7,glarp,lexical_decision,FALSE,FALSE,1036,NA,NA,nonword
9,8,knitted,lexical_decision,TRUE,TRUE,851,7,1.532,low
9,9,maybe,lexical_decision,TRUE,TRUE,698,5,4.674,high
9,10,stend,lexical_decision,FALSE,FALSE,833,NA,NA,nonword
9,11,glonick,lexical_decision,FALSE,TRUE,826,NA,NA,nonword
9,12,denim,lexical_decision,TRUE,TRUE,878,5,1.532,low
9,13,going,lexical_decision,TRUE,TRUE,752,5,5.035,high
9,14,tpszk,lexical_decision,FALSE,TRUE,760,NA,NA,nonword
9,15,aided,lexical_decision,TRUE,TRUE,824,5,1.532,low
9,16,ptwxlbn,lexical_decision,FALSE,TRUE,614,NA,NA,nonword
9,17,kwilt,lexical_decision,FALSE,FALSE,1985,NA,NA,nonword
9,18,vqnfksp,lexical_decision,FALSE,TRUE,665,NA,NA,nonword
9,19,inhabit,lexical_decision,TRUE,TRUE,688,7,1.532,low
9,20,through,lexical_decision,TRUE,TRUE,535,7,4.448,high
9,21,taunt,lexical_decision,TRUE,TRUE,713,5,1.518,low
9,22,lbmwq,lexical_decision,FALSE,TRUE,655,NA,NA,nonword
9,23,brote,lexical_decision,FALSE,FALSE,747,NA,NA,nonword
9,24,claster,lexical_decision,FALSE,FALSE,756,NA,NA,nonword
9,25,sized,lexical_decision,TRUE,TRUE,561,5,1.518,low
9,26,snackle,lexical_decision,FALSE,FALSE,757,NA,NA,nonword
9,27,ribbons,lexical_decision,TRUE,TRUE,629,7,2.176,low
9,28,think,lexical_decision,TRUE,TRUE,489,5,5.138,high
9,29,woven,lexical_decision,TRUE,TRUE,736,5,1.518,low
9,30,right,lexical_decision,TRUE,TRUE,689,5,5.311,high
9,31,heaving,lexical_decision,TRUE,TRUE,525,7,1.505,low
9,32,another,lexical_decision,TRUE,TRUE,483,7,4.415,high
9,33,tipsy,lexical_decision,TRUE,TRUE,1039,5,1.532,low
9,34,doing,lexical_decision,TRUE,TRUE,504,5,4.72,high
9,35,qwsdf,lexical_decision,FALSE,TRUE,641,NA,NA,nonword
9,36,cjvgy,lexical_decision,FALSE,TRUE,769,NA,NA,nonword
9,37,thing,lexical_decision,TRUE,TRUE,708,5,4.745,high
9,38,plimber,lexical_decision,FALSE,FALSE,716,NA,NA,nonword
9,39,looking,lexical_decision,TRUE,TRUE,522,7,4.344,high
9,40,threp,lexical_decision,FALSE,FALSE,595,NA,NA,nonword
9,41,qwsdfge,lexical_decision,FALSE,TRUE,644,NA,NA,nonword
9,42,gkfjvmd,lexical_decision,FALSE,TRUE,628,NA,NA,nonword
9,43,believe,lexical_decision,TRUE,TRUE,496,7,4.504,high
9,44,exert,lexical_decision,TRUE,TRUE,643,5,1.544,low
9,45,ptbwx,lexical_decision,FALSE,TRUE,526,NA,NA,nonword
9,46,splinth,lexical_decision,FALSE,TRUE,524,NA,NA,nonword
9,47,where,lexical_decision,TRUE,FALSE,746,5,4.97,high
9,48,tromple,lexical_decision,FALSE,FALSE,636,NA,NA,nonword
9,49,trinity,lexical_decision,TRUE,TRUE,565,7,2.176,low
9,50,hmfjpwb,lexical_decision,FALSE,TRUE,636,NA,NA,nonword
9,51,sorry,lexical_decision,TRUE,TRUE,469,5,4.775,high
9,52,trilogy,lexical_decision,TRUE,TRUE,747,7,1.518,low
9,53,nothing,lexical_decision,TRUE,TRUE,689,7,4.639,high
9,54,platter,lexical_decision,TRUE,TRUE,592,7,2.176,low
9,55,flirp,lexical_decision,FALSE,FALSE,526,NA,NA,nonword
9,56,bcrztxl,lexical_decision,FALSE,TRUE,556,NA,NA,nonword
9,57,zxcvb,lexical_decision,FALSE,TRUE,598,NA,NA,nonword
9,58,blong,lexical_decision,FALSE,FALSE,753,NA,NA,nonword
9,59,pasty,lexical_decision,TRUE,TRUE,444,5,1.505,low
9,60,brendle,lexical_decision,FALSE,FALSE,439,NA,NA,nonword
9,61,frosket,lexical_decision,FALSE,FALSE,696,NA,NA,nonword
9,62,morning,lexical_decision,TRUE,TRUE,498,7,4.35,high
9,63,bkgtl,lexical_decision,FALSE,TRUE,632,NA,NA,nonword
9,64,zvxqrdt,lexical_decision,FALSE,TRUE,490,NA,NA,nonword
9,65,fphql,lexical_decision,FALSE,TRUE,486,NA,NA,nonword
10,2,ptbwx,lexical_decision,FALSE,TRUE,1434,NA,NA,nonword
10,3,nothing,lexical_decision,TRUE,TRUE,757,7,4.639,high
10,4,aided,lexical_decision,TRUE,TRUE,694,5,1.532,low
10,5,pasty,lexical_decision,TRUE,FALSE,4177,5,1.505,low
10,6,plimber,lexical_decision,FALSE,TRUE,3033,NA,NA,nonword
10,7,lbmwq,lexical_decision,FALSE,TRUE,884,NA,NA,nonword
10,8,hmfjpwb,lexical_decision,FALSE,TRUE,762,NA,NA,nonword
10,9,woven,lexical_decision,TRUE,FALSE,1494,5,1.518,low
10,10,doing,lexical_decision,TRUE,TRUE,702,5,4.72,high
10,11,stend,lexical_decision,FALSE,TRUE,1014,NA,NA,nonword
10,12,platter,lexical_decision,TRUE,TRUE,642,7,2.176,low
10,13,brote,lexical_decision,FALSE,TRUE,1417,NA,NA,nonword
10,14,where,lexical_decision,TRUE,TRUE,573,5,4.97,high
10,15,threp,lexical_decision,FALSE,TRUE,822,NA,NA,nonword
10,16,going,lexical_decision,TRUE,TRUE,572,5,5.035,high
10,17,qwsdf,lexical_decision,FALSE,TRUE,848,NA,NA,nonword
10,18,knitted,lexical_decision,TRUE,TRUE,685,7,1.532,low
10,19,exert,lexical_decision,TRUE,TRUE,180,5,1.544,low
10,20,ribbons,lexical_decision,TRUE,TRUE,1275,7,2.176,low
10,21,think,lexical_decision,TRUE,TRUE,1095,5,5.138,high
10,22,through,lexical_decision,TRUE,TRUE,1245,7,4.448,high
10,23,taunt,lexical_decision,TRUE,TRUE,620,5,1.518,low
10,24,frosket,lexical_decision,FALSE,TRUE,1045,NA,NA,nonword
10,25,zvxqrdt,lexical_decision,FALSE,TRUE,508,NA,NA,nonword
10,26,zxcvb,lexical_decision,FALSE,TRUE,426,NA,NA,nonword
10,27,snackle,lexical_decision,FALSE,TRUE,994,NA,NA,nonword
10,28,tromple,lexical_decision,FALSE,TRUE,876,NA,NA,nonword
10,29,tipsy,lexical_decision,TRUE,TRUE,750,5,1.532,low
10,30,ploke,lexical_decision,FALSE,TRUE,849,NA,NA,nonword
10,31,thought,lexical_decision,TRUE,TRUE,631,7,4.615,high
10,32,believe,lexical_decision,TRUE,TRUE,484,7,4.504,high
10,33,vqnfksp,lexical_decision,FALSE,TRUE,450,NA,NA,nonword
10,34,another,lexical_decision,TRUE,TRUE,634,7,4.415,high
10,35,trinity,lexical_decision,TRUE,TRUE,722,7,2.176,low
10,36,claster,lexical_decision,FALSE,FALSE,649,NA,NA,nonword
10,37,talking,lexical_decision,TRUE,TRUE,685,7,4.405,high
10,38,looking,lexical_decision,TRUE,TRUE,506,7,4.344,high
10,39,thing,lexical_decision,TRUE,TRUE,513,5,4.745,high
10,40,kwilt,lexical_decision,FALSE,TRUE,877,NA,NA,nonword
10,41,trilogy,lexical_decision,TRUE,TRUE,550,7,1.518,low
10,42,bcrztxl,lexical_decision,FALSE,TRUE,654,NA,NA,nonword
10,43,tpszk,lexical_decision,FALSE,TRUE,785,NA,NA,nonword
10,44,blong,lexical_decision,FALSE,FALSE,487,NA,NA,nonword
10,45,ptwxlbn,lexical_decision,FALSE,TRUE,666,NA,NA,nonword
10,46,doubles,lexical_decision,TRUE,TRUE,611,7,2.173,low
10,47,heaving,lexical_decision,TRUE,FALSE,993,7,1.505,low
10,48,fphql,lexical_decision,FALSE,TRUE,503,NA,NA,nonword
10,49,glarp,lexical_decision,FALSE,TRUE,886,NA,NA,nonword
10,50,lxzctgr,lexical_decision,FALSE,TRUE,450,NA,NA,nonword
10,51,cjvgy,lexical_decision,FALSE,TRUE,422,NA,NA,nonword
10,52,qwsdfge,lexical_decision,FALSE,TRUE,410,NA,NA,nonword
10,53,gkfjvmd,lexical_decision,FALSE,TRUE,338,NA,NA,nonword
10,54,right,lexical_decision,TRUE,FALSE,306,5,5.311,high
10,55,morning,lexical_decision,TRUE,TRUE,732,7,4.35,high
10,56,denim,lexical_decision,TRUE,TRUE,843,5,1.532,low
10,57,sorry,lexical_decision,TRUE,TRUE,622,5,4.775,high
10,58,sized,lexical_decision,TRUE,TRUE,672,5,1.518,low
10,59,inhabit,lexical_decision,TRUE,TRUE,482,7,1.532,low
10,60,glonick,lexical_decision,FALSE,TRUE,864,NA,NA,nonword
10,61,brendle,lexical_decision,FALSE,TRUE,793,NA,NA,nonword
10,62,flirp,lexical_decision,FALSE,TRUE,773,NA,NA,nonword
10,63,splinth,lexical_decision,FALSE,TRUE,766,NA,NA,nonword
10,64,maybe,lexical_decision,TRUE,TRUE,803,5,4.674,high
10,65,bkgtl,lexical_decision,FALSE,TRUE,470,NA,NA,nonword
11,2,zvxqrdt,lexical_decision,FALSE,TRUE,1631,NA,NA,nonword
11,3,sorry,lexical_decision,TRUE,TRUE,884,5,4.775,high
11,4,qwsdfge,lexical_decision,FALSE,TRUE,563,NA,NA,nonword
11,5,flirp,lexical_decision,FALSE,FALSE,478,NA,NA,nonword
11,6,gkfjvmd,lexical_decision,FALSE,TRUE,1015,NA,NA,nonword
11,7,thing,lexical_decision,TRUE,TRUE,658,5,4.745,high
11,8,where,lexical_decision,TRUE,TRUE,545,5,4.97,high
11,9,tromple,lexical_decision,FALSE,FALSE,990,NA,NA,nonword
11,10,pasty,lexical_decision,TRUE,TRUE,717,5,1.505,low
11,11,talking,lexical_decision,TRUE,TRUE,540,7,4.405,high
11,12,plimber,lexical_decision,FALSE,FALSE,590,NA,NA,nonword
11,13,trinity,lexical_decision,TRUE,TRUE,626,7,2.176,low
11,14,morning,lexical_decision,TRUE,TRUE,972,7,4.35,high
11,15,bkgtl,lexical_decision,FALSE,TRUE,665,NA,NA,nonword
11,16,believe,lexical_decision,TRUE,TRUE,858,7,4.504,high
11,17,exert,lexical_decision,TRUE,TRUE,771,5,1.544,low
11,18,stend,lexical_decision,FALSE,FALSE,584,NA,NA,nonword
11,19,aided,lexical_decision,TRUE,TRUE,828,5,1.532,low
11,20,tpszk,lexical_decision,FALSE,TRUE,674,NA,NA,nonword
11,21,hmfjpwb,lexical_decision,FALSE,TRUE,681,NA,NA,nonword
11,22,lbmwq,lexical_decision,FALSE,TRUE,491,NA,NA,nonword
11,23,doing,lexical_decision,TRUE,TRUE,746,5,4.72,high
11,24,lxzctgr,lexical_decision,FALSE,TRUE,819,NA,NA,nonword
11,25,blong,lexical_decision,FALSE,FALSE,491,NA,NA,nonword
11,26,looking,lexical_decision,TRUE,FALSE,426,7,4.344,high
11,27,ribbons,lexical_decision,TRUE,TRUE,551,7,2.176,low
11,28,zxcvb,lexical_decision,FALSE,TRUE,754,NA,NA,nonword
11,29,thought,lexical_decision,TRUE,TRUE,1439,7,4.615,high
11,30,bcrztxl,lexical_decision,FALSE,TRUE,605,NA,NA,nonword
11,31,ptbwx,lexical_decision,FALSE,TRUE,536,NA,NA,nonword
11,32,threp,lexical_decision,FALSE,FALSE,579,NA,NA,nonword
11,33,glarp,lexical_decision,FALSE,TRUE,1532,NA,NA,nonword
11,34,ptwxlbn,lexical_decision,FALSE,FALSE,1205,NA,NA,nonword
11,35,brote,lexical_decision,FALSE,TRUE,2115,NA,NA,nonword
11,36,maybe,lexical_decision,TRUE,TRUE,1859,5,4.674,high
11,37,brendle,lexical_decision,FALSE,TRUE,564,NA,NA,nonword
11,38,claster,lexical_decision,FALSE,FALSE,1057,NA,NA,nonword
11,39,vqnfksp,lexical_decision,FALSE,TRUE,688,NA,NA,nonword
11,40,fphql,lexical_decision,FALSE,TRUE,788,NA,NA,nonword
11,41,qwsdf,lexical_decision,FALSE,TRUE,460,NA,NA,nonword
11,42,sized,lexical_decision,TRUE,TRUE,576,5,1.518,low
11,43,going,lexical_decision,TRUE,TRUE,1143,5,5.035,high
11,44,frosket,lexical_decision,FALSE,TRUE,717,NA,NA,nonword
11,45,nothing,lexical_decision,TRUE,TRUE,766,7,4.639,high
11,46,trilogy,lexical_decision,TRUE,TRUE,804,7,1.518,low
11,47,heaving,lexical_decision,TRUE,TRUE,458,7,1.505,low
11,48,doubles,lexical_decision,TRUE,TRUE,444,7,2.173,low
11,49,taunt,lexical_decision,TRUE,TRUE,512,5,1.518,low
11,50,inhabit,lexical_decision,TRUE,TRUE,428,7,1.532,low
11,51,denim,lexical_decision,TRUE,TRUE,561,5,1.532,low
11,52,kwilt,lexical_decision,FALSE,TRUE,659,NA,NA,nonword
11,53,another,lexical_decision,TRUE,TRUE,797,7,4.415,high
11,54,think,lexical_decision,TRUE,TRUE,916,5,5.138,high
11,55,cjvgy,lexical_decision,FALSE,TRUE,813,NA,NA,nonword
11,56,tipsy,lexical_decision,TRUE,TRUE,582,5,1.532,low
11,57,platter,lexical_decision,TRUE,TRUE,657,7,2.176,low
11,58,woven,lexical_decision,TRUE,TRUE,678,5,1.518,low
11,59,splinth,lexical_decision,FALSE,FALSE,349,NA,NA,nonword
11,60,glonick,lexical_decision,FALSE,FALSE,580,NA,NA,nonword
11,61,right,lexical_decision,TRUE,FALSE,666,5,5.311,high
11,62,through,lexical_decision,TRUE,TRUE,783,7,4.448,high
11,63,knitted,lexical_decision,TRUE,TRUE,332,7,1.532,low
11,64,ploke,lexical_decision,FALSE,FALSE,302,NA,NA,nonword
11,65,snackle,lexical_decision,FALSE,FALSE,493,NA,NA,nonword
12,2,stend,lexical_decision,FALSE,TRUE,1402,NA,NA,nonword
12,3,tpszk,lexical_decision,FALSE,TRUE,955,NA,NA,nonword
12,4,through,lexical_decision,TRUE,TRUE,656,7,4.448,high
12,5,sized,lexical_decision,TRUE,TRUE,660,5,1.518,low
12,6,lbmwq,lexical_decision,FALSE,TRUE,641,NA,NA,nonword
12,7,qwsdfge,lexical_decision,FALSE,TRUE,674,NA,NA,nonword
12,8,exert,lexical_decision,TRUE,TRUE,662,5,1.544,low
12,9,pasty,lexical_decision,TRUE,TRUE,621,5,1.505,low
12,10,going,lexical_decision,TRUE,TRUE,722,5,5.035,high
12,11,brendle,lexical_decision,FALSE,FALSE,912,NA,NA,nonword
12,12,fphql,lexical_decision,FALSE,TRUE,620,NA,NA,nonword
12,13,think,lexical_decision,TRUE,TRUE,1213,5,5.138,high
12,14,bcrztxl,lexical_decision,FALSE,TRUE,665,NA,NA,nonword
12,15,denim,lexical_decision,TRUE,TRUE,700,5,1.532,low
12,16,sorry,lexical_decision,TRUE,TRUE,609,5,4.775,high
12,17,another,lexical_decision,TRUE,TRUE,544,7,4.415,high
12,18,ptbwx,lexical_decision,FALSE,TRUE,594,NA,NA,nonword
12,19,taunt,lexical_decision,TRUE,TRUE,700,5,1.518,low
12,20,heaving,lexical_decision,TRUE,TRUE,624,7,1.505,low
12,21,blong,lexical_decision,FALSE,TRUE,945,NA,NA,nonword
12,22,right,lexical_decision,TRUE,TRUE,833,5,5.311,high
12,23,tromple,lexical_decision,FALSE,TRUE,1386,NA,NA,nonword
12,24,morning,lexical_decision,TRUE,TRUE,840,7,4.35,high
12,25,hmfjpwb,lexical_decision,FALSE,FALSE,709,NA,NA,nonword
12,26,knitted,lexical_decision,TRUE,TRUE,2085,7,1.532,low
12,27,frosket,lexical_decision,FALSE,TRUE,1302,NA,NA,nonword
12,28,trilogy,lexical_decision,TRUE,TRUE,729,7,1.518,low
12,29,bkgtl,lexical_decision,FALSE,TRUE,772,NA,NA,nonword
12,30,threp,lexical_decision,FALSE,TRUE,1005,NA,NA,nonword
12,31,claster,lexical_decision,FALSE,TRUE,955,NA,NA,nonword
12,32,ribbons,lexical_decision,TRUE,TRUE,661,7,2.176,low
12,33,splinth,lexical_decision,FALSE,TRUE,1062,NA,NA,nonword
12,34,gkfjvmd,lexical_decision,FALSE,TRUE,1103,NA,NA,nonword
12,35,qwsdf,lexical_decision,FALSE,TRUE,603,NA,NA,nonword
12,36,vqnfksp,lexical_decision,FALSE,TRUE,606,NA,NA,nonword
12,37,glarp,lexical_decision,FALSE,TRUE,1647,NA,NA,nonword
12,38,aided,lexical_decision,TRUE,TRUE,760,5,1.532,low
12,39,thought,lexical_decision,TRUE,TRUE,898,7,4.615,high
12,40,believe,lexical_decision,TRUE,TRUE,622,7,4.504,high
12,41,plimber,lexical_decision,FALSE,FALSE,686,NA,NA,nonword
12,42,glonick,lexical_decision,FALSE,TRUE,937,NA,NA,nonword
12,43,woven,lexical_decision,TRUE,FALSE,635,5,1.518,low
12,44,inhabit,lexical_decision,TRUE,TRUE,1476,7,1.532,low
12,45,thing,lexical_decision,TRUE,TRUE,646,5,4.745,high
12,46,maybe,lexical_decision,TRUE,TRUE,659,5,4.674,high
12,47,nothing,lexical_decision,TRUE,TRUE,705,7,4.639,high
12,48,ploke,lexical_decision,FALSE,TRUE,849,NA,NA,nonword
12,49,brote,lexical_decision,FALSE,TRUE,813,NA,NA,nonword
12,50,talking,lexical_decision,TRUE,TRUE,626,7,4.405,high
12,51,zxcvb,lexical_decision,FALSE,TRUE,816,NA,NA,nonword
12,52,tipsy,lexical_decision,TRUE,TRUE,833,5,1.532,low
12,53,looking,lexical_decision,TRUE,TRUE,653,7,4.344,high
12,54,flirp,lexical_decision,FALSE,FALSE,545,NA,NA,nonword
12,55,cjvgy,lexical_decision,FALSE,TRUE,654,NA,NA,nonword
12,56,where,lexical_decision,TRUE,TRUE,854,5,4.97,high
12,57,trinity,lexical_decision,TRUE,TRUE,595,7,2.176,low
12,58,ptwxlbn,lexical_decision,FALSE,TRUE,596,NA,NA,nonword
12,59,lxzctgr,lexical_decision,FALSE,TRUE,528,NA,NA,nonword
12,60,doing,lexical_decision,TRUE,TRUE,816,5,4.72,high
12,61,kwilt,lexical_decision,FALSE,TRUE,1653,NA,NA,nonword
12,62,snackle,lexical_decision,FALSE,TRUE,1196,NA,NA,nonword
12,63,doubles,lexical_decision,TRUE,TRUE,716,7,2.173,low
12,64,platter,lexical_decision,TRUE,TRUE,637,7,2.176,low
12,65,zvxqrdt,lexical_decision,FALSE,TRUE,573,NA,NA,nonword
13,2,believe,lexical_decision,TRUE,TRUE,1824,7,4.504,high
13,3,threp,lexical_decision,FALSE,FALSE,910,NA,NA,nonword
13,4,glonick,lexical_decision,FALSE,TRUE,816,NA,NA,nonword
13,5,morning,lexical_decision,TRUE,TRUE,629,7,4.35,high
13,6,plimber,lexical_decision,FALSE,TRUE,730,NA,NA,nonword
13,7,qwsdfge,lexical_decision,FALSE,TRUE,734,NA,NA,nonword
13,8,taunt,lexical_decision,TRUE,TRUE,623,5,1.518,low
13,9,flirp,lexical_decision,FALSE,TRUE,671,NA,NA,nonword
13,10,where,lexical_decision,TRUE,TRUE,714,5,4.97,high
13,11,sized,lexical_decision,TRUE,TRUE,831,5,1.518,low
13,12,woven,lexical_decision,TRUE,TRUE,692,5,1.518,low
13,13,nothing,lexical_decision,TRUE,TRUE,710,7,4.639,high
13,14,aided,lexical_decision,TRUE,TRUE,645,5,1.532,low
13,15,through,lexical_decision,TRUE,TRUE,521,7,4.448,high
13,16,looking,lexical_decision,TRUE,TRUE,645,7,4.344,high
13,17,sorry,lexical_decision,TRUE,TRUE,875,5,4.775,high
13,18,knitted,lexical_decision,TRUE,TRUE,548,7,1.532,low
13,19,blong,lexical_decision,FALSE,FALSE,646,NA,NA,nonword
13,20,heaving,lexical_decision,TRUE,TRUE,2026,7,1.505,low
13,21,bcrztxl,lexical_decision,FALSE,TRUE,610,NA,NA,nonword
13,22,glarp,lexical_decision,FALSE,TRUE,814,NA,NA,nonword
13,23,splinth,lexical_decision,FALSE,TRUE,594,NA,NA,nonword
13,24,gkfjvmd,lexical_decision,FALSE,TRUE,661,NA,NA,nonword
13,25,ploke,lexical_decision,FALSE,TRUE,1697,NA,NA,nonword
13,26,tipsy,lexical_decision,TRUE,TRUE,705,5,1.532,low
13,27,thought,lexical_decision,TRUE,TRUE,691,7,4.615,high
13,28,another,lexical_decision,TRUE,TRUE,532,7,4.415,high
13,29,lbmwq,lexical_decision,FALSE,TRUE,596,NA,NA,nonword
13,30,platter,lexical_decision,TRUE,TRUE,1090,7,2.176,low
13,31,ptbwx,lexical_decision,FALSE,TRUE,663,NA,NA,nonword
13,32,snackle,lexical_decision,FALSE,FALSE,751,NA,NA,nonword
13,33,bkgtl,lexical_decision,FALSE,TRUE,667,NA,NA,nonword
13,34,cjvgy,lexical_decision,FALSE,TRUE,707,NA,NA,nonword
13,35,lxzctgr,lexical_decision,FALSE,TRUE,555,NA,NA,nonword
13,36,right,lexical_decision,TRUE,FALSE,357,5,5.311,high
13,37,inhabit,lexical_decision,TRUE,TRUE,955,7,1.532,low
13,38,tromple,lexical_decision,FALSE,TRUE,1847,NA,NA,nonword
13,39,vqnfksp,lexical_decision,FALSE,TRUE,696,NA,NA,nonword
13,40,think,lexical_decision,TRUE,TRUE,594,5,5.138,high
13,41,tpszk,lexical_decision,FALSE,TRUE,791,NA,NA,nonword
13,42,fphql,lexical_decision,FALSE,TRUE,682,NA,NA,nonword
13,43,qwsdf,lexical_decision,FALSE,TRUE,482,NA,NA,nonword
13,44,exert,lexical_decision,TRUE,TRUE,942,5,1.544,low
13,45,talking,lexical_decision,TRUE,TRUE,597,7,4.405,high
13,46,going,lexical_decision,TRUE,TRUE,529,5,5.035,high
13,47,stend,lexical_decision,FALSE,FALSE,511,NA,NA,nonword
13,48,brote,lexical_decision,FALSE,TRUE,687,NA,NA,nonword
13,49,denim,lexical_decision,TRUE,TRUE,610,5,1.532,low
13,50,ptwxlbn,lexical_decision,FALSE,TRUE,475,NA,NA,nonword
13,51,kwilt,lexical_decision,FALSE,TRUE,536,NA,NA,nonword
13,52,doing,lexical_decision,TRUE,TRUE,537,5,4.72,high
13,53,zvxqrdt,lexical_decision,FALSE,TRUE,404,NA,NA,nonword
13,54,brendle,lexical_decision,FALSE,FALSE,529,NA,NA,nonword
13,55,maybe,lexical_decision,TRUE,TRUE,1102,5,4.674,high
13,56,pasty,lexical_decision,TRUE,TRUE,609,5,1.505,low
13,57,claster,lexical_decision,FALSE,FALSE,540,NA,NA,nonword
13,58,thing,lexical_decision,TRUE,TRUE,697,5,4.745,high
13,59,zxcvb,lexical_decision,FALSE,TRUE,564,NA,NA,nonword
13,60,doubles,lexical_decision,TRUE,TRUE,1339,7,2.173,low
13,61,trilogy,lexical_decision,TRUE,TRUE,764,7,1.518,low
13,62,ribbons,lexical_decision,TRUE,TRUE,1230,7,2.176,low
13,63,trinity,lexical_decision,TRUE,TRUE,663,7,2.176,low
13,64,hmfjpwb,lexical_decision,FALSE,TRUE,542,NA,NA,nonword
13,65,frosket,lexical_decision,FALSE,TRUE,951,NA,NA,nonword
14,2,inhabit,lexical_decision,TRUE,TRUE,1485,7,1.532,low
14,3,qwsdfge,lexical_decision,FALSE,TRUE,1116,NA,NA,nonword
14,4,ploke,lexical_decision,FALSE,FALSE,899,NA,NA,nonword
14,5,cjvgy,lexical_decision,FALSE,TRUE,632,NA,NA,nonword
14,6,tpszk,lexical_decision,FALSE,TRUE,772,NA,NA,nonword
14,7,stend,lexical_decision,FALSE,FALSE,743,NA,NA,nonword
14,8,nothing,lexical_decision,TRUE,TRUE,659,7,4.639,high
14,9,fphql,lexical_decision,FALSE,TRUE,588,NA,NA,nonword
14,10,lbmwq,lexical_decision,FALSE,TRUE,719,NA,NA,nonword
14,11,ribbons,lexical_decision,TRUE,TRUE,1110,7,2.176,low
14,12,flirp,lexical_decision,FALSE,FALSE,770,NA,NA,nonword
14,13,looking,lexical_decision,TRUE,TRUE,817,7,4.344,high
14,14,ptbwx,lexical_decision,FALSE,TRUE,964,NA,NA,nonword
14,15,brote,lexical_decision,FALSE,TRUE,746,NA,NA,nonword
14,16,glonick,lexical_decision,FALSE,TRUE,640,NA,NA,nonword
14,17,gkfjvmd,lexical_decision,FALSE,TRUE,731,NA,NA,nonword
14,18,doing,lexical_decision,TRUE,TRUE,833,5,4.72,high
14,19,vqnfksp,lexical_decision,FALSE,FALSE,546,NA,NA,nonword
14,20,sized,lexical_decision,TRUE,TRUE,1115,5,1.518,low
14,21,another,lexical_decision,TRUE,TRUE,1054,7,4.415,high
14,22,snackle,lexical_decision,FALSE,FALSE,782,NA,NA,nonword
14,23,zvxqrdt,lexical_decision,FALSE,TRUE,569,NA,NA,nonword
14,24,where,lexical_decision,TRUE,TRUE,634,5,4.97,high
14,25,trilogy,lexical_decision,TRUE,FALSE,544,7,1.518,low
14,26,doubles,lexical_decision,TRUE,TRUE,719,7,2.173,low
14,27,plimber,lexical_decision,FALSE,FALSE,746,NA,NA,nonword
14,28,blong,lexical_decision,FALSE,FALSE,669,NA,NA,nonword
14,29,tipsy,lexical_decision,TRUE,FALSE,659,5,1.532,low
14,30,talking,lexical_decision,TRUE,TRUE,943,7,4.405,high
14,31,threp,lexical_decision,FALSE,FALSE,1081,NA,NA,nonword
14,32,ptwxlbn,lexical_decision,FALSE,TRUE,584,NA,NA,nonword
14,33,bcrztxl,lexical_decision,FALSE,TRUE,515,NA,NA,nonword
14,34,sorry,lexical_decision,TRUE,TRUE,904,5,4.775,high
14,35,bkgtl,lexical_decision,FALSE,FALSE,566,NA,NA,nonword
14,36,exert,lexical_decision,TRUE,TRUE,941,5,1.544,low
14,37,taunt,lexical_decision,TRUE,FALSE,1110,5,1.518,low
14,38,glarp,lexical_decision,FALSE,FALSE,900,NA,NA,nonword
14,39,woven,lexical_decision,TRUE,TRUE,800,5,1.518,low
14,40,pasty,lexical_decision,TRUE,TRUE,642,5,1.505,low
14,41,frosket,lexical_decision,FALSE,FALSE,691,NA,NA,nonword
14,42,knitted,lexical_decision,TRUE,TRUE,1044,7,1.532,low
14,43,platter,lexical_decision,TRUE,TRUE,733,7,2.176,low
14,44,thing,lexical_decision,TRUE,TRUE,752,5,4.745,high
14,45,claster,lexical_decision,FALSE,FALSE,536,NA,NA,nonword
14,46,kwilt,lexical_decision,FALSE,TRUE,623,NA,NA,nonword
14,47,qwsdf,lexical_decision,FALSE,TRUE,738,NA,NA,nonword
14,48,trinity,lexical_decision,TRUE,TRUE,1873,7,2.176,low
14,49,denim,lexical_decision,TRUE,TRUE,569,5,1.532,low
14,50,thought,lexical_decision,TRUE,TRUE,916,7,4.615,high
14,51,lxzctgr,lexical_decision,FALSE,TRUE,567,NA,NA,nonword
14,52,believe,lexical_decision,TRUE,TRUE,630,7,4.504,high
14,53,tromple,lexical_decision,FALSE,FALSE,780,NA,NA,nonword
14,54,through,lexical_decision,TRUE,TRUE,482,7,4.448,high
14,55,aided,lexical_decision,TRUE,TRUE,684,5,1.532,low
14,56,morning,lexical_decision,TRUE,TRUE,615,7,4.35,high
14,57,zxcvb,lexical_decision,FALSE,TRUE,533,NA,NA,nonword
14,58,think,lexical_decision,TRUE,TRUE,528,5,5.138,high
14,59,brendle,lexical_decision,FALSE,FALSE,646,NA,NA,nonword
14,60,hmfjpwb,lexical_decision,FALSE,TRUE,615,NA,NA,nonword
14,61,going,lexical_decision,TRUE,TRUE,569,5,5.035,high
14,62,splinth,lexical_decision,FALSE,TRUE,1331,NA,NA,nonword
14,63,right,lexical_decision,TRUE,TRUE,663,5,5.311,high
14,64,maybe,lexical_decision,TRUE,TRUE,807,5,4.674,high
14,65,heaving,lexical_decision,TRUE,TRUE,509,7,1.505,low
15,2,flirp,lexical_decision,FALSE,TRUE,1830,NA,NA,nonword
15,3,snackle,lexical_decision,FALSE,TRUE,5073,NA,NA,nonword
15,4,heaving,lexical_decision,TRUE,TRUE,752,7,1.505,low
15,5,denim,lexical_decision,TRUE,TRUE,1110,5,1.532,low
15,6,thing,lexical_decision,TRUE,TRUE,1052,5,4.745,high
15,7,tipsy,lexical_decision,TRUE,TRUE,1355,5,1.532,low
15,8,threp,lexical_decision,FALSE,TRUE,1022,NA,NA,nonword
15,9,maybe,lexical_decision,TRUE,TRUE,844,5,4.674,high
15,10,doubles,lexical_decision,TRUE,TRUE,1154,7,2.173,low
15,11,plimber,lexical_decision,FALSE,TRUE,1366,NA,NA,nonword
15,12,lxzctgr,lexical_decision,FALSE,TRUE,1122,NA,NA,nonword
15,13,frosket,lexical_decision,FALSE,TRUE,1207,NA,NA,nonword
15,14,think,lexical_decision,TRUE,TRUE,797,5,5.138,high
15,15,hmfjpwb,lexical_decision,FALSE,TRUE,1109,NA,NA,nonword
15,16,nothing,lexical_decision,TRUE,TRUE,910,7,4.639,high
15,17,trilogy,lexical_decision,TRUE,TRUE,900,7,1.518,low
15,18,qwsdfge,lexical_decision,FALSE,TRUE,696,NA,NA,nonword
15,19,through,lexical_decision,TRUE,FALSE,1669,7,4.448,high
15,20,stend,lexical_decision,FALSE,TRUE,3164,NA,NA,nonword
15,21,ribbons,lexical_decision,TRUE,TRUE,1314,7,2.176,low
15,22,right,lexical_decision,TRUE,TRUE,766,5,5.311,high
15,23,bkgtl,lexical_decision,FALSE,TRUE,727,NA,NA,nonword
15,24,doing,lexical_decision,TRUE,TRUE,1044,5,4.72,high
15,25,morning,lexical_decision,TRUE,TRUE,891,7,4.35,high
15,26,gkfjvmd,lexical_decision,FALSE,TRUE,734,NA,NA,nonword
15,27,another,lexical_decision,TRUE,TRUE,788,7,4.415,high
15,28,glarp,lexical_decision,FALSE,TRUE,1430,NA,NA,nonword
15,29,splinth,lexical_decision,FALSE,TRUE,952,NA,NA,nonword
15,30,bcrztxl,lexical_decision,FALSE,TRUE,681,NA,NA,nonword
15,31,tromple,lexical_decision,FALSE,TRUE,1082,NA,NA,nonword
15,32,thought,lexical_decision,TRUE,TRUE,710,7,4.615,high
15,33,where,lexical_decision,TRUE,TRUE,825,5,4.97,high
15,34,glonick,lexical_decision,FALSE,TRUE,965,NA,NA,nonword
15,35,qwsdf,lexical_decision,FALSE,TRUE,712,NA,NA,nonword
15,36,fphql,lexical_decision,FALSE,TRUE,731,NA,NA,nonword
15,37,looking,lexical_decision,TRUE,TRUE,993,7,4.344,high
15,38,knitted,lexical_decision,TRUE,TRUE,973,7,1.532,low
15,39,taunt,lexical_decision,TRUE,TRUE,1084,5,1.518,low
15,40,ptbwx,lexical_decision,FALSE,TRUE,726,NA,NA,nonword
15,41,believe,lexical_decision,TRUE,TRUE,1233,7,4.504,high
15,42,going,lexical_decision,TRUE,TRUE,781,5,5.035,high
15,43,lbmwq,lexical_decision,FALSE,TRUE,720,NA,NA,nonword
15,44,sized,lexical_decision,TRUE,TRUE,921,5,1.518,low
15,45,kwilt,lexical_decision,FALSE,TRUE,1675,NA,NA,nonword
15,46,ptwxlbn,lexical_decision,FALSE,TRUE,831,NA,NA,nonword
15,47,ploke,lexical_decision,FALSE,TRUE,1721,NA,NA,nonword
15,48,claster,lexical_decision,FALSE,FALSE,626,NA,NA,nonword
15,49,trinity,lexical_decision,TRUE,TRUE,1139,7,2.176,low
15,50,woven,lexical_decision,TRUE,TRUE,2203,5,1.518,low
15,51,exert,lexical_decision,TRUE,TRUE,1069,5,1.544,low
15,52,inhabit,lexical_decision,TRUE,TRUE,906,7,1.532,low
15,53,talking,lexical_decision,TRUE,TRUE,799,7,4.405,high
15,54,brendle,lexical_decision,FALSE,TRUE,1227,NA,NA,nonword
15,55,brote,lexical_decision,FALSE,TRUE,1347,NA,NA,nonword
15,56,platter,lexical_decision,TRUE,TRUE,811,7,2.176,low
15,57,cjvgy,lexical_decision,FALSE,TRUE,847,NA,NA,nonword
15,58,pasty,lexical_decision,TRUE,FALSE,3018,5,1.505,low
15,59,zxcvb,lexical_decision,FALSE,TRUE,846,NA,NA,nonword
15,60,vqnfksp,lexical_decision,FALSE,TRUE,667,NA,NA,nonword
15,61,zvxqrdt,lexical_decision,FALSE,TRUE,565,NA,NA,nonword
15,62,sorry,lexical_decision,TRUE,TRUE,869,5,4.775,high
15,63,tpszk,lexical_decision,FALSE,TRUE,725,NA,NA,nonword
15,64,blong,lexical_decision,FALSE,TRUE,1616,NA,NA,nonword
15,65,aided,lexical_decision,TRUE,TRUE,861,5,1.532,low
16,2,right,lexical_decision,TRUE,TRUE,2223,5,5.311,high
16,3,bcrztxl,lexical_decision,FALSE,TRUE,1060,NA,NA,nonword
16,4,cjvgy,lexical_decision,FALSE,TRUE,626,NA,NA,nonword
16,5,glarp,lexical_decision,FALSE,FALSE,962,NA,NA,nonword
16,6,brote,lexical_decision,FALSE,TRUE,1534,NA,NA,nonword
16,7,sorry,lexical_decision,TRUE,TRUE,631,5,4.775,high
16,8,vqnfksp,lexical_decision,FALSE,TRUE,707,NA,NA,nonword
16,9,qwsdf,lexical_decision,FALSE,TRUE,594,NA,NA,nonword
16,10,stend,lexical_decision,FALSE,FALSE,763,NA,NA,nonword
16,11,nothing,lexical_decision,TRUE,FALSE,443,7,4.639,high
16,12,kwilt,lexical_decision,FALSE,TRUE,1835,NA,NA,nonword
16,13,where,lexical_decision,TRUE,TRUE,666,5,4.97,high
16,14,gkfjvmd,lexical_decision,FALSE,TRUE,651,NA,NA,nonword
16,15,ploke,lexical_decision,FALSE,TRUE,1084,NA,NA,nonword
16,16,ribbons,lexical_decision,TRUE,TRUE,590,7,2.176,low
16,17,going,lexical_decision,TRUE,TRUE,563,5,5.035,high
16,18,sized,lexical_decision,TRUE,TRUE,458,5,1.518,low
16,19,pasty,lexical_decision,TRUE,TRUE,411,5,1.505,low
16,20,looking,lexical_decision,TRUE,TRUE,402,7,4.344,high
16,21,brendle,lexical_decision,FALSE,FALSE,393,NA,NA,nonword
16,22,frosket,lexical_decision,FALSE,FALSE,469,NA,NA,nonword
16,23,knitted,lexical_decision,TRUE,TRUE,541,7,1.532,low
16,24,thought,lexical_decision,TRUE,TRUE,483,7,4.615,high
16,25,think,lexical_decision,TRUE,TRUE,412,5,5.138,high
16,26,qwsdfge,lexical_decision,FALSE,TRUE,653,NA,NA,nonword
16,27,through,lexical_decision,TRUE,TRUE,721,7,4.448,high
16,28,lxzctgr,lexical_decision,FALSE,TRUE,548,NA,NA,nonword
16,29,glonick,lexical_decision,FALSE,TRUE,1773,NA,NA,nonword
16,30,plimber,lexical_decision,FALSE,TRUE,1613,NA,NA,nonword
16,31,thing,lexical_decision,TRUE,TRUE,930,5,4.745,high
16,32,doubles,lexical_decision,TRUE,FALSE,662,7,2.173,low
16,33,claster,lexical_decision,FALSE,FALSE,838,NA,NA,nonword
16,34,maybe,lexical_decision,TRUE,TRUE,615,5,4.674,high
16,35,zvxqrdt,lexical_decision,FALSE,TRUE,642,NA,NA,nonword
16,36,hmfjpwb,lexical_decision,FALSE,TRUE,963,NA,NA,nonword
16,37,trinity,lexical_decision,TRUE,TRUE,1024,7,2.176,low
16,38,ptwxlbn,lexical_decision,FALSE,TRUE,677,NA,NA,nonword
16,39,tpszk,lexical_decision,FALSE,TRUE,740,NA,NA,nonword
16,40,inhabit,lexical_decision,TRUE,TRUE,574,7,1.532,low
16,41,woven,lexical_decision,TRUE,TRUE,476,5,1.518,low
16,42,denim,lexical_decision,TRUE,TRUE,421,5,1.532,low
16,43,zxcvb,lexical_decision,FALSE,TRUE,614,NA,NA,nonword
16,44,platter,lexical_decision,TRUE,TRUE,445,7,2.176,low
16,45,tipsy,lexical_decision,TRUE,FALSE,410,5,1.532,low
16,46,threp,lexical_decision,FALSE,FALSE,1183,NA,NA,nonword
16,47,blong,lexical_decision,FALSE,TRUE,1577,NA,NA,nonword
16,48,exert,lexical_decision,TRUE,TRUE,661,5,1.544,low
16,49,aided,lexical_decision,TRUE,TRUE,704,5,1.532,low
16,50,trilogy,lexical_decision,TRUE,TRUE,514,7,1.518,low
16,51,flirp,lexical_decision,FALSE,TRUE,1309,NA,NA,nonword
16,52,fphql,lexical_decision,FALSE,TRUE,629,NA,NA,nonword
16,53,bkgtl,lexical_decision,FALSE,TRUE,473,NA,NA,nonword
16,54,morning,lexical_decision,TRUE,TRUE,597,7,4.35,high
16,55,lbmwq,lexical_decision,FALSE,TRUE,591,NA,NA,nonword
16,56,believe,lexical_decision,TRUE,TRUE,530,7,4.504,high
16,57,tromple,lexical_decision,FALSE,FALSE,675,NA,NA,nonword
16,58,another,lexical_decision,TRUE,TRUE,676,7,4.415,high
16,59,splinth,lexical_decision,FALSE,FALSE,414,NA,NA,nonword
16,60,heaving,lexical_decision,TRUE,TRUE,489,7,1.505,low
16,61,ptbwx,lexical_decision,FALSE,TRUE,687,NA,NA,nonword
16,62,taunt,lexical_decision,TRUE,TRUE,692,5,1.518,low
16,63,snackle,lexical_decision,FALSE,FALSE,602,NA,NA,nonword
16,64,doing,lexical_decision,TRUE,TRUE,535,5,4.72,high
16,65,talking,lexical_decision,TRUE,TRUE,634,7,4.405,high
17,2,splinth,lexical_decision,FALSE,TRUE,1043,NA,NA,nonword
17,3,stend,lexical_decision,FALSE,FALSE,910,NA,NA,nonword
17,4,glarp,lexical_decision,FALSE,TRUE,888,NA,NA,nonword
17,5,ribbons,lexical_decision,TRUE,TRUE,661,7,2.176,low
17,6,ptbwx,lexical_decision,FALSE,TRUE,682,NA,NA,nonword
17,7,qwsdf,lexical_decision,FALSE,TRUE,543,NA,NA,nonword
17,8,believe,lexical_decision,TRUE,TRUE,720,7,4.504,high
17,9,sorry,lexical_decision,TRUE,TRUE,591,5,4.775,high
17,10,gkfjvmd,lexical_decision,FALSE,TRUE,545,NA,NA,nonword
17,11,where,lexical_decision,TRUE,TRUE,667,5,4.97,high
17,12,thought,lexical_decision,TRUE,TRUE,797,7,4.615,high
17,13,ploke,lexical_decision,FALSE,TRUE,880,NA,NA,nonword
17,14,kwilt,lexical_decision,FALSE,TRUE,1233,NA,NA,nonword
17,15,aided,lexical_decision,TRUE,TRUE,818,5,1.532,low
17,16,inhabit,lexical_decision,TRUE,TRUE,759,7,1.532,low
17,17,doing,lexical_decision,TRUE,TRUE,522,5,4.72,high
17,18,looking,lexical_decision,TRUE,TRUE,612,7,4.344,high
17,19,lbmwq,lexical_decision,FALSE,TRUE,626,NA,NA,nonword
17,20,knitted,lexical_decision,TRUE,TRUE,824,7,1.532,low
17,21,woven,lexical_decision,TRUE,TRUE,644,5,1.518,low
17,22,vqnfksp,lexical_decision,FALSE,TRUE,508,NA,NA,nonword
17,23,flirp,lexical_decision,FALSE,TRUE,1117,NA,NA,nonword
17,24,thing,lexical_decision,TRUE,TRUE,756,5,4.745,high
17,25,bcrztxl,lexical_decision,FALSE,TRUE,856,NA,NA,nonword
17,26,threp,lexical_decision,FALSE,TRUE,645,NA,NA,nonword
17,27,morning,lexical_decision,TRUE,TRUE,743,7,4.35,high
17,28,frosket,lexical_decision,FALSE,TRUE,1417,NA,NA,nonword
17,29,think,lexical_decision,TRUE,TRUE,1198,5,5.138,high
17,30,qwsdfge,lexical_decision,FALSE,TRUE,627,NA,NA,nonword
17,31,ptwxlbn,lexical_decision,FALSE,TRUE,816,NA,NA,nonword
17,32,trilogy,lexical_decision,TRUE,TRUE,886,7,1.518,low
17,33,exert,lexical_decision,TRUE,TRUE,615,5,1.544,low
17,34,brendle,lexical_decision,FALSE,FALSE,1383,NA,NA,nonword
17,35,trinity,lexical_decision,TRUE,TRUE,767,7,2.176,low
17,36,cjvgy,lexical_decision,FALSE,TRUE,607,NA,NA,nonword
17,37,bkgtl,lexical_decision,FALSE,TRUE,465,NA,NA,nonword
17,38,pasty,lexical_decision,TRUE,TRUE,1083,5,1.505,low
17,39,denim,lexical_decision,TRUE,FALSE,1420,5,1.532,low
17,40,glonick,lexical_decision,FALSE,TRUE,1530,NA,NA,nonword
17,41,talking,lexical_decision,TRUE,TRUE,736,7,4.405,high
17,42,tpszk,lexical_decision,FALSE,TRUE,814,NA,NA,nonword
17,43,doubles,lexical_decision,TRUE,TRUE,707,7,2.173,low
17,44,through,lexical_decision,TRUE,TRUE,839,7,4.448,high
17,45,right,lexical_decision,TRUE,TRUE,927,5,5.311,high
17,46,claster,lexical_decision,FALSE,FALSE,951,NA,NA,nonword
17,47,heaving,lexical_decision,TRUE,TRUE,840,7,1.505,low
17,48,going,lexical_decision,TRUE,TRUE,557,5,5.035,high
17,49,platter,lexical_decision,TRUE,TRUE,711,7,2.176,low
17,50,another,lexical_decision,TRUE,TRUE,675,7,4.415,high
17,51,blong,lexical_decision,FALSE,TRUE,801,NA,NA,nonword
17,52,tromple,lexical_decision,FALSE,TRUE,733,NA,NA,nonword
17,53,fphql,lexical_decision,FALSE,TRUE,588,NA,NA,nonword
17,54,nothing,lexical_decision,TRUE,TRUE,914,7,4.639,high
17,55,hmfjpwb,lexical_decision,FALSE,TRUE,799,NA,NA,nonword
17,56,zvxqrdt,lexical_decision,FALSE,TRUE,530,NA,NA,nonword
17,57,taunt,lexical_decision,TRUE,TRUE,725,5,1.518,low
17,58,maybe,lexical_decision,TRUE,TRUE,1254,5,4.674,high
17,59,sized,lexical_decision,TRUE,TRUE,699,5,1.518,low
17,60,tipsy,lexical_decision,TRUE,TRUE,873,5,1.532,low
17,61,brote,lexical_decision,FALSE,TRUE,786,NA,NA,nonword
17,62,snackle,lexical_decision,FALSE,TRUE,895,NA,NA,nonword
17,63,lxzctgr,lexical_decision,FALSE,TRUE,570,NA,NA,nonword
17,64,zxcvb,lexical_decision,FALSE,TRUE,545,NA,NA,nonword
17,65,plimber,lexical_decision,FALSE,TRUE,1081,NA,NA,nonword
18,2,going,lexical_decision,TRUE,TRUE,1180,5,5.035,high
18,3,woven,lexical_decision,TRUE,TRUE,3190,5,1.518,low
18,4,cjvgy,lexical_decision,FALSE,TRUE,848,NA,NA,nonword
18,5,hmfjpwb,lexical_decision,FALSE,TRUE,614,NA,NA,nonword
18,6,denim,lexical_decision,TRUE,TRUE,613,5,1.532,low
18,7,ploke,lexical_decision,FALSE,TRUE,1683,NA,NA,nonword
18,8,vqnfksp,lexical_decision,FALSE,TRUE,638,NA,NA,nonword
18,9,tpszk,lexical_decision,FALSE,TRUE,513,NA,NA,nonword
18,10,taunt,lexical_decision,TRUE,TRUE,581,5,1.518,low
18,11,right,lexical_decision,TRUE,FALSE,596,5,5.311,high
18,12,brendle,lexical_decision,FALSE,TRUE,4112,NA,NA,nonword
18,13,thing,lexical_decision,TRUE,TRUE,802,5,4.745,high
18,14,exert,lexical_decision,TRUE,TRUE,1114,5,1.544,low
18,15,doing,lexical_decision,TRUE,TRUE,504,5,4.72,high
18,16,bcrztxl,lexical_decision,FALSE,TRUE,547,NA,NA,nonword
18,17,frosket,lexical_decision,FALSE,FALSE,838,NA,NA,nonword
18,18,lxzctgr,lexical_decision,FALSE,TRUE,554,NA,NA,nonword
18,19,through,lexical_decision,TRUE,TRUE,538,7,4.448,high
18,20,tipsy,lexical_decision,TRUE,FALSE,516,5,1.532,low
18,21,sorry,lexical_decision,TRUE,TRUE,804,5,4.775,high
18,22,ptwxlbn,lexical_decision,FALSE,TRUE,1215,NA,NA,nonword
18,23,morning,lexical_decision,TRUE,TRUE,1878,7,4.35,high
18,24,threp,lexical_decision,FALSE,FALSE,1789,NA,NA,nonword
18,25,heaving,lexical_decision,TRUE,TRUE,1133,7,1.505,low
18,26,stend,lexical_decision,FALSE,FALSE,1046,NA,NA,nonword
18,27,plimber,lexical_decision,FALSE,FALSE,2601,NA,NA,nonword
18,28,brote,lexical_decision,FALSE,FALSE,1043,NA,NA,nonword
18,29,nothing,lexical_decision,TRUE,TRUE,796,7,4.639,high
18,30,glonick,lexical_decision,FALSE,TRUE,1793,NA,NA,nonword
18,31,lbmwq,lexical_decision,FALSE,TRUE,605,NA,NA,nonword
18,32,talking,lexical_decision,TRUE,TRUE,757,7,4.405,high
18,33,platter,lexical_decision,TRUE,TRUE,867,7,2.176,low
18,34,fphql,lexical_decision,FALSE,TRUE,613,NA,NA,nonword
18,35,pasty,lexical_decision,TRUE,TRUE,692,5,1.505,low
18,36,zvxqrdt,lexical_decision,FALSE,TRUE,907,NA,NA,nonword
18,37,maybe,lexical_decision,TRUE,TRUE,972,5,4.674,high
18,38,inhabit,lexical_decision,TRUE,TRUE,789,7,1.532,low
18,39,sized,lexical_decision,TRUE,TRUE,706,5,1.518,low
18,40,flirp,lexical_decision,FALSE,FALSE,1754,NA,NA,nonword
18,41,think,lexical_decision,TRUE,TRUE,779,5,5.138,high
18,42,gkfjvmd,lexical_decision,FALSE,TRUE,607,NA,NA,nonword
18,43,trilogy,lexical_decision,TRUE,TRUE,776,7,1.518,low
18,44,blong,lexical_decision,FALSE,FALSE,713,NA,NA,nonword
18,45,qwsdf,lexical_decision,FALSE,TRUE,706,NA,NA,nonword
18,46,tromple,lexical_decision,FALSE,FALSE,877,NA,NA,nonword
18,47,doubles,lexical_decision,TRUE,TRUE,1665,7,2.173,low
18,48,aided,lexical_decision,TRUE,TRUE,574,5,1.532,low
18,49,trinity,lexical_decision,TRUE,TRUE,644,7,2.176,low
18,50,where,lexical_decision,TRUE,TRUE,653,5,4.97,high
18,51,bkgtl,lexical_decision,FALSE,TRUE,674,NA,NA,nonword
18,52,glarp,lexical_decision,FALSE,TRUE,1022,NA,NA,nonword
18,53,zxcvb,lexical_decision,FALSE,TRUE,576,NA,NA,nonword
18,54,qwsdfge,lexical_decision,FALSE,TRUE,590,NA,NA,nonword
18,55,believe,lexical_decision,TRUE,TRUE,651,7,4.504,high
18,56,snackle,lexical_decision,FALSE,FALSE,784,NA,NA,nonword
18,57,kwilt,lexical_decision,FALSE,TRUE,639,NA,NA,nonword
18,58,ribbons,lexical_decision,TRUE,TRUE,698,7,2.176,low
18,59,splinth,lexical_decision,FALSE,FALSE,1663,NA,NA,nonword
18,60,another,lexical_decision,TRUE,TRUE,704,7,4.415,high
18,61,knitted,lexical_decision,TRUE,TRUE,657,7,1.532,low
18,62,looking,lexical_decision,TRUE,TRUE,522,7,4.344,high
18,63,ptbwx,lexical_decision,FALSE,TRUE,508,NA,NA,nonword
18,64,claster,lexical_decision,FALSE,FALSE,493,NA,NA,nonword
18,65,thought,lexical_decision,TRUE,TRUE,480,7,4.615,high
19,2,brendle,lexical_decision,FALSE,FALSE,878,NA,NA,nonword
19,3,kwilt,lexical_decision,FALSE,TRUE,1005,NA,NA,nonword
19,4,cjvgy,lexical_decision,FALSE,TRUE,962,NA,NA,nonword
19,5,going,lexical_decision,TRUE,TRUE,668,5,5.035,high
19,6,woven,lexical_decision,TRUE,TRUE,756,5,1.518,low
19,7,zvxqrdt,lexical_decision,FALSE,TRUE,598,NA,NA,nonword
19,8,heaving,lexical_decision,TRUE,TRUE,722,7,1.505,low
19,9,lxzctgr,lexical_decision,FALSE,TRUE,683,NA,NA,nonword
19,10,maybe,lexical_decision,TRUE,TRUE,866,5,4.674,high
19,11,doing,lexical_decision,TRUE,TRUE,1003,5,4.72,high
19,12,lbmwq,lexical_decision,FALSE,TRUE,651,NA,NA,nonword
19,13,inhabit,lexical_decision,TRUE,TRUE,802,7,1.532,low
19,14,hmfjpwb,lexical_decision,FALSE,TRUE,711,NA,NA,nonword
19,15,through,lexical_decision,TRUE,TRUE,1058,7,4.448,high
19,16,believe,lexical_decision,TRUE,TRUE,759,7,4.504,high
19,17,doubles,lexical_decision,TRUE,TRUE,759,7,2.173,low
19,18,brote,lexical_decision,FALSE,FALSE,824,NA,NA,nonword
19,19,stend,lexical_decision,FALSE,FALSE,1309,NA,NA,nonword
19,20,sorry,lexical_decision,TRUE,TRUE,820,5,4.775,high
19,21,thing,lexical_decision,TRUE,TRUE,739,5,4.745,high
19,22,trinity,lexical_decision,TRUE,TRUE,864,7,2.176,low
19,23,pasty,lexical_decision,TRUE,TRUE,710,5,1.505,low
19,24,another,lexical_decision,TRUE,TRUE,951,7,4.415,high
19,25,fphql,lexical_decision,FALSE,TRUE,657,NA,NA,nonword
19,26,talking,lexical_decision,TRUE,TRUE,1000,7,4.405,high
19,27,glonick,lexical_decision,FALSE,TRUE,1091,NA,NA,nonword
19,28,threp,lexical_decision,FALSE,TRUE,901,NA,NA,nonword
19,29,thought,lexical_decision,TRUE,TRUE,1112,7,4.615,high
19,30,nothing,lexical_decision,TRUE,TRUE,1167,7,4.639,high
19,31,splinth,lexical_decision,FALSE,TRUE,862,NA,NA,nonword
19,32,taunt,lexical_decision,TRUE,TRUE,891,5,1.518,low
19,33,platter,lexical_decision,TRUE,TRUE,849,7,2.176,low
19,34,exert,lexical_decision,TRUE,TRUE,647,5,1.544,low
19,35,plimber,lexical_decision,FALSE,FALSE,902,NA,NA,nonword
19,36,ptwxlbn,lexical_decision,FALSE,TRUE,693,NA,NA,nonword
19,37,tpszk,lexical_decision,FALSE,TRUE,881,NA,NA,nonword
19,38,ploke,lexical_decision,FALSE,FALSE,913,NA,NA,nonword
19,39,denim,lexical_decision,TRUE,TRUE,687,5,1.532,low
19,40,sized,lexical_decision,TRUE,TRUE,709,5,1.518,low
19,41,claster,lexical_decision,FALSE,FALSE,804,NA,NA,nonword
19,42,think,lexical_decision,TRUE,TRUE,824,5,5.138,high
19,43,right,lexical_decision,TRUE,TRUE,804,5,5.311,high
19,44,frosket,lexical_decision,FALSE,TRUE,1568,NA,NA,nonword
19,45,zxcvb,lexical_decision,FALSE,TRUE,965,NA,NA,nonword
19,46,qwsdf,lexical_decision,FALSE,TRUE,724,NA,NA,nonword
19,47,snackle,lexical_decision,FALSE,FALSE,606,NA,NA,nonword
19,48,flirp,lexical_decision,FALSE,TRUE,1185,NA,NA,nonword
19,49,blong,lexical_decision,FALSE,TRUE,1195,NA,NA,nonword
19,50,glarp,lexical_decision,FALSE,TRUE,892,NA,NA,nonword
19,51,ribbons,lexical_decision,TRUE,TRUE,805,7,2.176,low
19,52,tromple,lexical_decision,FALSE,TRUE,1221,NA,NA,nonword
19,53,knitted,lexical_decision,TRUE,TRUE,990,7,1.532,low
19,54,qwsdfge,lexical_decision,FALSE,TRUE,621,NA,NA,nonword
19,55,ptbwx,lexical_decision,FALSE,TRUE,977,NA,NA,nonword
19,56,trilogy,lexical_decision,TRUE,TRUE,738,7,1.518,low
19,57,tipsy,lexical_decision,TRUE,TRUE,952,5,1.532,low
19,58,where,lexical_decision,TRUE,TRUE,665,5,4.97,high
19,59,looking,lexical_decision,TRUE,TRUE,524,7,4.344,high
19,60,bkgtl,lexical_decision,FALSE,TRUE,599,NA,NA,nonword
19,61,morning,lexical_decision,TRUE,TRUE,735,7,4.35,high
19,62,vqnfksp,lexical_decision,FALSE,TRUE,923,NA,NA,nonword
19,63,gkfjvmd,lexical_decision,FALSE,TRUE,732,NA,NA,nonword
19,64,aided,lexical_decision,TRUE,TRUE,625,5,1.532,low
19,65,bcrztxl,lexical_decision,FALSE,TRUE,756,NA,NA,nonword
20,2,exert,lexical_decision,TRUE,TRUE,1254,5,1.544,low
20,3,ptbwx,lexical_decision,FALSE,TRUE,831,NA,NA,nonword
20,4,knitted,lexical_decision,TRUE,TRUE,657,7,1.532,low
20,5,frosket,lexical_decision,FALSE,TRUE,895,NA,NA,nonword
20,6,tipsy,lexical_decision,TRUE,TRUE,776,5,1.532,low
20,7,believe,lexical_decision,TRUE,TRUE,943,7,4.504,high
20,8,claster,lexical_decision,FALSE,TRUE,1257,NA,NA,nonword
20,9,think,lexical_decision,TRUE,TRUE,942,5,5.138,high
20,10,trilogy,lexical_decision,TRUE,TRUE,698,7,1.518,low
20,11,inhabit,lexical_decision,TRUE,TRUE,715,7,1.532,low
20,12,woven,lexical_decision,TRUE,TRUE,833,5,1.518,low
20,13,splinth,lexical_decision,FALSE,TRUE,950,NA,NA,nonword
20,14,talking,lexical_decision,TRUE,TRUE,759,7,4.405,high
20,15,stend,lexical_decision,FALSE,TRUE,1242,NA,NA,nonword
20,16,cjvgy,lexical_decision,FALSE,TRUE,754,NA,NA,nonword
20,17,morning,lexical_decision,TRUE,TRUE,1311,7,4.35,high
20,18,qwsdfge,lexical_decision,FALSE,TRUE,822,NA,NA,nonword
20,19,another,lexical_decision,TRUE,TRUE,869,7,4.415,high
20,20,looking,lexical_decision,TRUE,TRUE,631,7,4.344,high
20,21,brendle,lexical_decision,FALSE,TRUE,860,NA,NA,nonword
20,22,platter,lexical_decision,TRUE,TRUE,596,7,2.176,low
20,23,lbmwq,lexical_decision,FALSE,TRUE,734,NA,NA,nonword
20,24,thing,lexical_decision,TRUE,TRUE,791,5,4.745,high
20,25,glonick,lexical_decision,FALSE,TRUE,751,NA,NA,nonword
20,26,lxzctgr,lexical_decision,FALSE,TRUE,615,NA,NA,nonword
20,27,denim,lexical_decision,TRUE,TRUE,604,5,1.532,low
20,28,bcrztxl,lexical_decision,FALSE,TRUE,556,NA,NA,nonword
20,29,trinity,lexical_decision,TRUE,TRUE,819,7,2.176,low
20,30,thought,lexical_decision,TRUE,TRUE,577,7,4.615,high
20,31,qwsdf,lexical_decision,FALSE,TRUE,580,NA,NA,nonword
20,32,blong,lexical_decision,FALSE,TRUE,865,NA,NA,nonword
20,33,through,lexical_decision,TRUE,TRUE,813,7,4.448,high
20,34,gkfjvmd,lexical_decision,FALSE,TRUE,548,NA,NA,nonword
20,35,brote,lexical_decision,FALSE,TRUE,957,NA,NA,nonword
20,36,glarp,lexical_decision,FALSE,TRUE,777,NA,NA,nonword
20,37,ptwxlbn,lexical_decision,FALSE,TRUE,601,NA,NA,nonword
20,38,doubles,lexical_decision,TRUE,TRUE,715,7,2.173,low
20,39,going,lexical_decision,TRUE,TRUE,523,5,5.035,high
20,40,ploke,lexical_decision,FALSE,TRUE,831,NA,NA,nonword
20,41,vqnfksp,lexical_decision,FALSE,FALSE,570,NA,NA,nonword
20,42,maybe,lexical_decision,TRUE,TRUE,1804,5,4.674,high
20,43,doing,lexical_decision,TRUE,TRUE,1405,5,4.72,high
20,44,sized,lexical_decision,TRUE,TRUE,692,5,1.518,low
20,45,ribbons,lexical_decision,TRUE,TRUE,593,7,2.176,low
20,46,plimber,lexical_decision,FALSE,TRUE,771,NA,NA,nonword
20,47,fphql,lexical_decision,FALSE,TRUE,590,NA,NA,nonword
20,48,tpszk,lexical_decision,FALSE,TRUE,555,NA,NA,nonword
20,49,tromple,lexical_decision,FALSE,TRUE,999,NA,NA,nonword
20,50,kwilt,lexical_decision,FALSE,TRUE,2108,NA,NA,nonword
20,51,right,lexical_decision,TRUE,TRUE,1246,5,5.311,high
20,52,zvxqrdt,lexical_decision,FALSE,TRUE,535,NA,NA,nonword
20,53,heaving,lexical_decision,TRUE,TRUE,800,7,1.505,low
20,54,bkgtl,lexical_decision,FALSE,TRUE,532,NA,NA,nonword
20,55,hmfjpwb,lexical_decision,FALSE,TRUE,663,NA,NA,nonword
20,56,sorry,lexical_decision,TRUE,TRUE,630,5,4.775,high
20,57,aided,lexical_decision,TRUE,TRUE,748,5,1.532,low
20,58,flirp,lexical_decision,FALSE,TRUE,775,NA,NA,nonword
20,59,nothing,lexical_decision,TRUE,TRUE,1075,7,4.639,high
20,60,pasty,lexical_decision,TRUE,FALSE,1009,5,1.505,low
20,61,threp,lexical_decision,FALSE,TRUE,1240,NA,NA,nonword
20,62,snackle,lexical_decision,FALSE,TRUE,1094,NA,NA,nonword
20,63,zxcvb,lexical_decision,FALSE,TRUE,493,NA,NA,nonword
20,64,where,lexical_decision,TRUE,TRUE,579,5,4.97,high
20,65,taunt,lexical_decision,TRUE,TRUE,573,5,1.518,low
21,2,threp,lexical_decision,FALSE,FALSE,1740,NA,NA,nonword
21,3,stend,lexical_decision,FALSE,FALSE,1869,NA,NA,nonword
21,4,kwilt,lexical_decision,FALSE,FALSE,1169,NA,NA,nonword
21,5,talking,lexical_decision,TRUE,TRUE,1729,7,4.405,high
21,6,thought,lexical_decision,TRUE,TRUE,1596,7,4.615,high
21,7,lbmwq,lexical_decision,FALSE,TRUE,1923,NA,NA,nonword
21,8,bcrztxl,lexical_decision,FALSE,TRUE,985,NA,NA,nonword
21,9,through,lexical_decision,TRUE,TRUE,862,7,4.448,high
21,10,heaving,lexical_decision,TRUE,TRUE,782,7,1.505,low
21,11,ribbons,lexical_decision,TRUE,TRUE,899,7,2.176,low
21,12,think,lexical_decision,TRUE,TRUE,819,5,5.138,high
21,13,tromple,lexical_decision,FALSE,FALSE,1112,NA,NA,nonword
21,14,qwsdfge,lexical_decision,FALSE,TRUE,668,NA,NA,nonword
21,15,where,lexical_decision,TRUE,TRUE,833,5,4.97,high
21,16,sized,lexical_decision,TRUE,TRUE,1277,5,1.518,low
21,17,ploke,lexical_decision,FALSE,FALSE,1207,NA,NA,nonword
21,18,aided,lexical_decision,TRUE,TRUE,643,5,1.532,low
21,19,cjvgy,lexical_decision,FALSE,TRUE,712,NA,NA,nonword
21,20,pasty,lexical_decision,TRUE,TRUE,653,5,1.505,low
21,21,ptwxlbn,lexical_decision,FALSE,TRUE,671,NA,NA,nonword
21,22,vqnfksp,lexical_decision,FALSE,TRUE,681,NA,NA,nonword
21,23,trilogy,lexical_decision,TRUE,TRUE,736,7,1.518,low
21,24,fphql,lexical_decision,FALSE,TRUE,695,NA,NA,nonword
21,25,platter,lexical_decision,TRUE,TRUE,621,7,2.176,low
21,26,zxcvb,lexical_decision,FALSE,TRUE,566,NA,NA,nonword
21,27,zvxqrdt,lexical_decision,FALSE,TRUE,609,NA,NA,nonword
21,28,glonick,lexical_decision,FALSE,FALSE,640,NA,NA,nonword
21,29,hmfjpwb,lexical_decision,FALSE,TRUE,590,NA,NA,nonword
21,30,another,lexical_decision,TRUE,TRUE,765,7,4.415,high
21,31,taunt,lexical_decision,TRUE,TRUE,629,5,1.518,low
21,32,brendle,lexical_decision,FALSE,FALSE,679,NA,NA,nonword
21,33,exert,lexical_decision,TRUE,TRUE,672,5,1.544,low
21,34,glarp,lexical_decision,FALSE,FALSE,880,NA,NA,nonword
21,35,right,lexical_decision,TRUE,TRUE,712,5,5.311,high
21,36,frosket,lexical_decision,FALSE,FALSE,718,NA,NA,nonword
21,37,believe,lexical_decision,TRUE,TRUE,729,7,4.504,high
21,38,doing,lexical_decision,TRUE,TRUE,665,5,4.72,high
21,39,maybe,lexical_decision,TRUE,TRUE,874,5,4.674,high
21,40,ptbwx,lexical_decision,FALSE,TRUE,707,NA,NA,nonword
21,41,tipsy,lexical_decision,TRUE,TRUE,710,5,1.532,low
21,42,doubles,lexical_decision,TRUE,TRUE,681,7,2.173,low
21,43,lxzctgr,lexical_decision,FALSE,TRUE,597,NA,NA,nonword
21,44,plimber,lexical_decision,FALSE,FALSE,736,NA,NA,nonword
21,45,gkfjvmd,lexical_decision,FALSE,TRUE,626,NA,NA,nonword
21,46,qwsdf,lexical_decision,FALSE,TRUE,653,NA,NA,nonword
21,47,nothing,lexical_decision,TRUE,TRUE,537,7,4.639,high
21,48,brote,lexical_decision,FALSE,FALSE,1026,NA,NA,nonword
21,49,blong,lexical_decision,FALSE,FALSE,701,NA,NA,nonword
21,50,bkgtl,lexical_decision,FALSE,TRUE,635,NA,NA,nonword
21,51,inhabit,lexical_decision,TRUE,TRUE,590,7,1.532,low
21,52,splinth,lexical_decision,FALSE,FALSE,614,NA,NA,nonword
21,53,denim,lexical_decision,TRUE,TRUE,716,5,1.532,low
21,54,looking,lexical_decision,TRUE,TRUE,827,7,4.344,high
21,55,snackle,lexical_decision,FALSE,FALSE,834,NA,NA,nonword
21,56,knitted,lexical_decision,TRUE,TRUE,755,7,1.532,low
21,57,flirp,lexical_decision,FALSE,FALSE,827,NA,NA,nonword
21,58,trinity,lexical_decision,TRUE,TRUE,811,7,2.176,low
21,59,sorry,lexical_decision,TRUE,TRUE,722,5,4.775,high
21,60,morning,lexical_decision,TRUE,TRUE,594,7,4.35,high
21,61,claster,lexical_decision,FALSE,FALSE,773,NA,NA,nonword
21,62,tpszk,lexical_decision,FALSE,TRUE,651,NA,NA,nonword
21,63,going,lexical_decision,TRUE,TRUE,756,5,5.035,high
21,64,woven,lexical_decision,TRUE,TRUE,1057,5,1.518,low
21,65,thing,lexical_decision,TRUE,TRUE,670,5,4.745,high
22,2,sized,lexical_decision,TRUE,TRUE,970,5,1.518,low
22,3,claster,lexical_decision,FALSE,FALSE,652,NA,NA,nonword
22,4,hmfjpwb,lexical_decision,FALSE,TRUE,601,NA,NA,nonword
22,5,blong,lexical_decision,FALSE,TRUE,1191,NA,NA,nonword
22,6,believe,lexical_decision,TRUE,TRUE,583,7,4.504,high
22,7,glarp,lexical_decision,FALSE,TRUE,986,NA,NA,nonword
22,8,thought,lexical_decision,TRUE,TRUE,603,7,4.615,high
22,9,ploke,lexical_decision,FALSE,TRUE,924,NA,NA,nonword
22,10,snackle,lexical_decision,FALSE,FALSE,1178,NA,NA,nonword
22,11,right,lexical_decision,TRUE,TRUE,707,5,5.311,high
22,12,through,lexical_decision,TRUE,TRUE,593,7,4.448,high
22,13,frosket,lexical_decision,FALSE,TRUE,597,NA,NA,nonword
22,14,going,lexical_decision,TRUE,TRUE,591,5,5.035,high
22,15,lbmwq,lexical_decision,FALSE,TRUE,540,NA,NA,nonword
22,16,inhabit,lexical_decision,TRUE,TRUE,745,7,1.532,low
22,17,platter,lexical_decision,TRUE,FALSE,522,7,2.176,low
22,18,doubles,lexical_decision,TRUE,TRUE,1438,7,2.173,low
22,19,denim,lexical_decision,TRUE,TRUE,713,5,1.532,low
22,20,ptwxlbn,lexical_decision,FALSE,TRUE,632,NA,NA,nonword
22,21,knitted,lexical_decision,TRUE,TRUE,786,7,1.532,low
22,22,pasty,lexical_decision,TRUE,TRUE,990,5,1.505,low
22,23,splinth,lexical_decision,FALSE,TRUE,668,NA,NA,nonword
22,24,sorry,lexical_decision,TRUE,TRUE,595,5,4.775,high
22,25,zvxqrdt,lexical_decision,FALSE,TRUE,598,NA,NA,nonword
22,26,lxzctgr,lexical_decision,FALSE,TRUE,574,NA,NA,nonword
22,27,nothing,lexical_decision,TRUE,TRUE,540,7,4.639,high
22,28,stend,lexical_decision,FALSE,FALSE,713,NA,NA,nonword
22,29,trilogy,lexical_decision,TRUE,TRUE,726,7,1.518,low
22,30,tromple,lexical_decision,FALSE,TRUE,808,NA,NA,nonword
22,31,trinity,lexical_decision,TRUE,TRUE,726,7,2.176,low
22,32,tpszk,lexical_decision,FALSE,TRUE,652,NA,NA,nonword
22,33,exert,lexical_decision,TRUE,TRUE,616,5,1.544,low
22,34,morning,lexical_decision,TRUE,TRUE,814,7,4.35,high
22,35,glonick,lexical_decision,FALSE,TRUE,646,NA,NA,nonword
22,36,plimber,lexical_decision,FALSE,TRUE,1027,NA,NA,nonword
22,37,kwilt,lexical_decision,FALSE,TRUE,556,NA,NA,nonword
22,38,vqnfksp,lexical_decision,FALSE,TRUE,513,NA,NA,nonword
22,39,zxcvb,lexical_decision,FALSE,TRUE,488,NA,NA,nonword
22,40,bcrztxl,lexical_decision,FALSE,TRUE,436,NA,NA,nonword
22,41,woven,lexical_decision,TRUE,TRUE,664,5,1.518,low
22,42,qwsdfge,lexical_decision,FALSE,TRUE,713,NA,NA,nonword
22,43,where,lexical_decision,TRUE,TRUE,766,5,4.97,high
22,44,another,lexical_decision,TRUE,TRUE,943,7,4.415,high
22,45,taunt,lexical_decision,TRUE,TRUE,733,5,1.518,low
22,46,threp,lexical_decision,FALSE,TRUE,606,NA,NA,nonword
22,47,ribbons,lexical_decision,TRUE,TRUE,642,7,2.176,low
22,48,brote,lexical_decision,FALSE,TRUE,705,NA,NA,nonword
22,49,doing,lexical_decision,TRUE,TRUE,642,5,4.72,high
22,50,thing,lexical_decision,TRUE,TRUE,619,5,4.745,high
22,51,talking,lexical_decision,TRUE,TRUE,670,7,4.405,high
22,52,qwsdf,lexical_decision,FALSE,TRUE,605,NA,NA,nonword
22,53,bkgtl,lexical_decision,FALSE,TRUE,596,NA,NA,nonword
22,54,ptbwx,lexical_decision,FALSE,TRUE,528,NA,NA,nonword
22,55,maybe,lexical_decision,TRUE,TRUE,1051,5,4.674,high
22,56,looking,lexical_decision,TRUE,TRUE,624,7,4.344,high
22,57,gkfjvmd,lexical_decision,FALSE,TRUE,679,NA,NA,nonword
22,58,aided,lexical_decision,TRUE,TRUE,591,5,1.532,low
22,59,cjvgy,lexical_decision,FALSE,TRUE,670,NA,NA,nonword
22,60,think,lexical_decision,TRUE,TRUE,588,5,5.138,high
22,61,flirp,lexical_decision,FALSE,FALSE,537,NA,NA,nonword
22,62,tipsy,lexical_decision,TRUE,TRUE,928,5,1.532,low
22,63,brendle,lexical_decision,FALSE,TRUE,876,NA,NA,nonword
22,64,fphql,lexical_decision,FALSE,FALSE,585,NA,NA,nonword
22,65,heaving,lexical_decision,TRUE,TRUE,1325,7,1.505,low
23,2,vqnfksp,lexical_decision,FALSE,TRUE,1555,NA,NA,nonword
23,3,tpszk,lexical_decision,FALSE,TRUE,1662,NA,NA,nonword
23,4,woven,lexical_decision,TRUE,TRUE,1642,5,1.518,low
23,5,brote,lexical_decision,FALSE,TRUE,2350,NA,NA,nonword
23,6,doubles,lexical_decision,TRUE,TRUE,1937,7,2.173,low
23,7,tipsy,lexical_decision,TRUE,TRUE,2689,5,1.532,low
23,8,splinth,lexical_decision,FALSE,TRUE,4064,NA,NA,nonword
23,9,snackle,lexical_decision,FALSE,TRUE,5548,NA,NA,nonword
23,10,gkfjvmd,lexical_decision,FALSE,TRUE,1556,NA,NA,nonword
23,11,glarp,lexical_decision,FALSE,TRUE,3051,NA,NA,nonword
23,12,taunt,lexical_decision,TRUE,TRUE,1217,5,1.518,low
23,13,trilogy,lexical_decision,TRUE,TRUE,1258,7,1.518,low
23,14,cjvgy,lexical_decision,FALSE,TRUE,886,NA,NA,nonword
23,15,qwsdf,lexical_decision,FALSE,TRUE,706,NA,NA,nonword
23,16,going,lexical_decision,TRUE,TRUE,1115,5,5.035,high
23,17,threp,lexical_decision,FALSE,TRUE,1377,NA,NA,nonword
23,18,claster,lexical_decision,FALSE,FALSE,1332,NA,NA,nonword
23,19,sized,lexical_decision,TRUE,TRUE,984,5,1.518,low
23,20,believe,lexical_decision,TRUE,TRUE,1197,7,4.504,high
23,21,thought,lexical_decision,TRUE,TRUE,1489,7,4.615,high
23,22,zvxqrdt,lexical_decision,FALSE,TRUE,678,NA,NA,nonword
23,23,looking,lexical_decision,TRUE,TRUE,927,7,4.344,high
23,24,heaving,lexical_decision,TRUE,FALSE,4066,7,1.505,low
23,25,sorry,lexical_decision,TRUE,TRUE,831,5,4.775,high
23,26,qwsdfge,lexical_decision,FALSE,TRUE,994,NA,NA,nonword
23,27,flirp,lexical_decision,FALSE,TRUE,1449,NA,NA,nonword
23,28,zxcvb,lexical_decision,FALSE,TRUE,775,NA,NA,nonword
23,29,frosket,lexical_decision,FALSE,TRUE,1249,NA,NA,nonword
23,30,inhabit,lexical_decision,TRUE,TRUE,1460,7,1.532,low
23,31,bcrztxl,lexical_decision,FALSE,TRUE,1265,NA,NA,nonword
23,32,thing,lexical_decision,TRUE,TRUE,1418,5,4.745,high
23,33,nothing,lexical_decision,TRUE,TRUE,958,7,4.639,high
23,34,aided,lexical_decision,TRUE,TRUE,1105,5,1.532,low
23,35,bkgtl,lexical_decision,FALSE,TRUE,781,NA,NA,nonword
23,36,ribbons,lexical_decision,TRUE,TRUE,1597,7,2.176,low
23,37,glonick,lexical_decision,FALSE,TRUE,2379,NA,NA,nonword
23,38,morning,lexical_decision,TRUE,TRUE,663,7,4.35,high
23,39,tromple,lexical_decision,FALSE,TRUE,1153,NA,NA,nonword
23,40,doing,lexical_decision,TRUE,TRUE,1031,5,4.72,high
23,41,where,lexical_decision,TRUE,TRUE,895,5,4.97,high
23,42,lxzctgr,lexical_decision,FALSE,TRUE,727,NA,NA,nonword
23,43,denim,lexical_decision,TRUE,TRUE,1334,5,1.532,low
23,44,ploke,lexical_decision,FALSE,TRUE,1443,NA,NA,nonword
23,45,think,lexical_decision,TRUE,TRUE,918,5,5.138,high
23,46,fphql,lexical_decision,FALSE,TRUE,1851,NA,NA,nonword
23,47,lbmwq,lexical_decision,FALSE,TRUE,1184,NA,NA,nonword
23,48,talking,lexical_decision,TRUE,TRUE,786,7,4.405,high
23,49,hmfjpwb,lexical_decision,FALSE,TRUE,778,NA,NA,nonword
23,50,maybe,lexical_decision,TRUE,TRUE,1008,5,4.674,high
23,51,platter,lexical_decision,TRUE,TRUE,1239,7,2.176,low
23,52,plimber,lexical_decision,FALSE,TRUE,2214,NA,NA,nonword
23,53,brendle,lexical_decision,FALSE,TRUE,4038,NA,NA,nonword
23,54,kwilt,lexical_decision,FALSE,TRUE,1049,NA,NA,nonword
23,55,ptwxlbn,lexical_decision,FALSE,TRUE,1017,NA,NA,nonword
23,56,right,lexical_decision,TRUE,TRUE,995,5,5.311,high
23,57,stend,lexical_decision,FALSE,TRUE,1481,NA,NA,nonword
23,58,pasty,lexical_decision,TRUE,FALSE,1698,5,1.505,low
23,59,another,lexical_decision,TRUE,TRUE,725,7,4.415,high
23,60,knitted,lexical_decision,TRUE,TRUE,1855,7,1.532,low
23,61,exert,lexical_decision,TRUE,TRUE,1072,5,1.544,low
23,62,trinity,lexical_decision,TRUE,TRUE,1037,7,2.176,low
23,63,through,lexical_decision,TRUE,TRUE,808,7,4.448,high
23,64,blong,lexical_decision,FALSE,TRUE,1642,NA,NA,nonword
23,65,ptbwx,lexical_decision,FALSE,TRUE,993,NA,NA,nonword
24,2,pasty,lexical_decision,TRUE,TRUE,1836,5,1.505,low
24,3,threp,lexical_decision,FALSE,TRUE,847,NA,NA,nonword
24,4,think,lexical_decision,TRUE,TRUE,633,5,5.138,high
24,5,ptwxlbn,lexical_decision,FALSE,TRUE,654,NA,NA,nonword
24,6,morning,lexical_decision,TRUE,TRUE,583,7,4.35,high
24,7,doing,lexical_decision,TRUE,TRUE,638,5,4.72,high
24,8,glonick,lexical_decision,FALSE,TRUE,599,NA,NA,nonword
24,9,kwilt,lexical_decision,FALSE,TRUE,725,NA,NA,nonword
24,10,trinity,lexical_decision,TRUE,TRUE,675,7,2.176,low
24,11,tpszk,lexical_decision,FALSE,TRUE,608,NA,NA,nonword
24,12,denim,lexical_decision,TRUE,TRUE,685,5,1.532,low
24,13,exert,lexical_decision,TRUE,TRUE,771,5,1.544,low
24,14,talking,lexical_decision,TRUE,TRUE,587,7,4.405,high
24,15,through,lexical_decision,TRUE,TRUE,548,7,4.448,high
24,16,ribbons,lexical_decision,TRUE,TRUE,608,7,2.176,low
24,17,brote,lexical_decision,FALSE,TRUE,762,NA,NA,nonword
24,18,doubles,lexical_decision,TRUE,TRUE,701,7,2.173,low
24,19,looking,lexical_decision,TRUE,TRUE,670,7,4.344,high
24,20,bkgtl,lexical_decision,FALSE,TRUE,587,NA,NA,nonword
24,21,ploke,lexical_decision,FALSE,TRUE,755,NA,NA,nonword
24,22,frosket,lexical_decision,FALSE,TRUE,643,NA,NA,nonword
24,23,zvxqrdt,lexical_decision,FALSE,TRUE,553,NA,NA,nonword
24,24,thought,lexical_decision,TRUE,TRUE,621,7,4.615,high
24,25,plimber,lexical_decision,FALSE,TRUE,1496,NA,NA,nonword
24,26,zxcvb,lexical_decision,FALSE,TRUE,668,NA,NA,nonword
24,27,maybe,lexical_decision,TRUE,TRUE,573,5,4.674,high
24,28,ptbwx,lexical_decision,FALSE,TRUE,575,NA,NA,nonword
24,29,bcrztxl,lexical_decision,FALSE,TRUE,786,NA,NA,nonword
24,30,hmfjpwb,lexical_decision,FALSE,TRUE,679,NA,NA,nonword
24,31,qwsdfge,lexical_decision,FALSE,TRUE,563,NA,NA,nonword
24,32,splinth,lexical_decision,FALSE,TRUE,728,NA,NA,nonword
24,33,fphql,lexical_decision,FALSE,TRUE,867,NA,NA,nonword
24,34,lbmwq,lexical_decision,FALSE,TRUE,529,NA,NA,nonword
24,35,lxzctgr,lexical_decision,FALSE,TRUE,477,NA,NA,nonword
24,36,cjvgy,lexical_decision,FALSE,TRUE,593,NA,NA,nonword
24,37,brendle,lexical_decision,FALSE,TRUE,779,NA,NA,nonword
24,38,going,lexical_decision,TRUE,TRUE,649,5,5.035,high
24,39,believe,lexical_decision,TRUE,TRUE,665,7,4.504,high
24,40,thing,lexical_decision,TRUE,TRUE,599,5,4.745,high
24,41,gkfjvmd,lexical_decision,FALSE,TRUE,559,NA,NA,nonword
24,42,right,lexical_decision,TRUE,TRUE,594,5,5.311,high
24,43,snackle,lexical_decision,FALSE,FALSE,815,NA,NA,nonword
24,44,vqnfksp,lexical_decision,FALSE,TRUE,552,NA,NA,nonword
24,45,sorry,lexical_decision,TRUE,TRUE,806,5,4.775,high
24,46,knitted,lexical_decision,TRUE,TRUE,815,7,1.532,low
24,47,heaving,lexical_decision,TRUE,TRUE,1215,7,1.505,low
24,48,tromple,lexical_decision,FALSE,TRUE,925,NA,NA,nonword
24,49,claster,lexical_decision,FALSE,FALSE,734,NA,NA,nonword
24,50,where,lexical_decision,TRUE,TRUE,751,5,4.97,high
24,51,blong,lexical_decision,FALSE,TRUE,743,NA,NA,nonword
24,52,taunt,lexical_decision,TRUE,TRUE,775,5,1.518,low
24,53,another,lexical_decision,TRUE,TRUE,651,7,4.415,high
24,54,sized,lexical_decision,TRUE,TRUE,671,5,1.518,low
24,55,nothing,lexical_decision,TRUE,TRUE,620,7,4.639,high
24,56,tipsy,lexical_decision,TRUE,TRUE,634,5,1.532,low
24,57,flirp,lexical_decision,FALSE,TRUE,787,NA,NA,nonword
24,58,woven,lexical_decision,TRUE,TRUE,682,5,1.518,low
24,59,stend,lexical_decision,FALSE,TRUE,939,NA,NA,nonword
24,60,trilogy,lexical_decision,TRUE,TRUE,575,7,1.518,low
24,61,glarp,lexical_decision,FALSE,TRUE,834,NA,NA,nonword
24,62,qwsdf,lexical_decision,FALSE,TRUE,669,NA,NA,nonword
24,63,platter,lexical_decision,TRUE,TRUE,860,7,2.176,low
24,64,inhabit,lexical_decision,TRUE,TRUE,751,7,1.532,low
24,65,aided,lexical_decision,TRUE,TRUE,658,5,1.532,low
25,2,right,lexical_decision,TRUE,TRUE,795,5,5.311,high
25,3,through,lexical_decision,TRUE,TRUE,1167,7,4.448,high
25,4,tipsy,lexical_decision,TRUE,TRUE,792,5,1.532,low
25,5,vqnfksp,lexical_decision,FALSE,TRUE,1776,NA,NA,nonword
25,6,tpszk,lexical_decision,FALSE,TRUE,767,NA,NA,nonword
25,7,claster,lexical_decision,FALSE,FALSE,740,NA,NA,nonword
25,8,sized,lexical_decision,TRUE,TRUE,533,5,1.518,low
25,9,thing,lexical_decision,TRUE,TRUE,590,5,4.745,high
25,10,qwsdfge,lexical_decision,FALSE,TRUE,532,NA,NA,nonword
25,11,stend,lexical_decision,FALSE,FALSE,541,NA,NA,nonword
25,12,frosket,lexical_decision,FALSE,FALSE,548,NA,NA,nonword
25,13,taunt,lexical_decision,TRUE,TRUE,558,5,1.518,low
25,14,threp,lexical_decision,FALSE,FALSE,532,NA,NA,nonword
25,15,pasty,lexical_decision,TRUE,TRUE,539,5,1.505,low
25,16,morning,lexical_decision,TRUE,TRUE,473,7,4.35,high
25,17,maybe,lexical_decision,TRUE,TRUE,521,5,4.674,high
25,18,bkgtl,lexical_decision,FALSE,TRUE,602,NA,NA,nonword
25,19,ptwxlbn,lexical_decision,FALSE,TRUE,520,NA,NA,nonword
25,20,glarp,lexical_decision,FALSE,FALSE,527,NA,NA,nonword
25,21,another,lexical_decision,TRUE,TRUE,537,7,4.415,high
25,22,knitted,lexical_decision,TRUE,TRUE,650,7,1.532,low
25,23,think,lexical_decision,TRUE,TRUE,338,5,5.138,high
25,24,brendle,lexical_decision,FALSE,FALSE,442,NA,NA,nonword
25,25,ptbwx,lexical_decision,FALSE,TRUE,579,NA,NA,nonword
25,26,nothing,lexical_decision,TRUE,TRUE,424,7,4.639,high
25,27,cjvgy,lexical_decision,FALSE,TRUE,604,NA,NA,nonword
25,28,aided,lexical_decision,TRUE,TRUE,428,5,1.532,low
25,29,woven,lexical_decision,TRUE,TRUE,535,5,1.518,low
25,30,splinth,lexical_decision,FALSE,FALSE,545,NA,NA,nonword
25,31,trilogy,lexical_decision,TRUE,TRUE,686,7,1.518,low
25,32,glonick,lexical_decision,FALSE,FALSE,479,NA,NA,nonword
25,33,blong,lexical_decision,FALSE,FALSE,520,NA,NA,nonword
25,34,denim,lexical_decision,TRUE,TRUE,549,5,1.532,low
25,35,thought,lexical_decision,TRUE,TRUE,457,7,4.615,high
25,36,fphql,lexical_decision,FALSE,FALSE,349,NA,NA,nonword
25,37,kwilt,lexical_decision,FALSE,FALSE,906,NA,NA,nonword
25,38,gkfjvmd,lexical_decision,FALSE,TRUE,562,NA,NA,nonword
25,39,doing,lexical_decision,TRUE,TRUE,457,5,4.72,high
25,40,going,lexical_decision,TRUE,TRUE,537,5,5.035,high
25,41,bcrztxl,lexical_decision,FALSE,TRUE,579,NA,NA,nonword
25,42,doubles,lexical_decision,TRUE,TRUE,417,7,2.173,low
25,43,brote,lexical_decision,FALSE,FALSE,441,NA,NA,nonword
25,44,zxcvb,lexical_decision,FALSE,TRUE,575,NA,NA,nonword
25,45,tromple,lexical_decision,FALSE,FALSE,343,NA,NA,nonword
25,46,flirp,lexical_decision,FALSE,FALSE,522,NA,NA,nonword
25,47,platter,lexical_decision,TRUE,TRUE,532,7,2.176,low
25,48,where,lexical_decision,TRUE,TRUE,526,5,4.97,high
25,49,trinity,lexical_decision,TRUE,TRUE,610,7,2.176,low
25,50,sorry,lexical_decision,TRUE,TRUE,494,5,4.775,high
25,51,talking,lexical_decision,TRUE,TRUE,507,7,4.405,high
25,52,snackle,lexical_decision,FALSE,FALSE,577,NA,NA,nonword
25,53,inhabit,lexical_decision,TRUE,TRUE,556,7,1.532,low
25,54,lbmwq,lexical_decision,FALSE,TRUE,660,NA,NA,nonword
25,55,lxzctgr,lexical_decision,FALSE,FALSE,342,NA,NA,nonword
25,56,zvxqrdt,lexical_decision,FALSE,TRUE,925,NA,NA,nonword
25,57,looking,lexical_decision,TRUE,TRUE,563,7,4.344,high
25,58,heaving,lexical_decision,TRUE,TRUE,427,7,1.505,low
25,59,qwsdf,lexical_decision,FALSE,TRUE,578,NA,NA,nonword
25,60,believe,lexical_decision,TRUE,TRUE,489,7,4.504,high
25,61,plimber,lexical_decision,FALSE,FALSE,780,NA,NA,nonword
25,62,ribbons,lexical_decision,TRUE,TRUE,517,7,2.176,low
25,63,exert,lexical_decision,TRUE,TRUE,505,5,1.544,low
25,64,ploke,lexical_decision,FALSE,FALSE,534,NA,NA,nonword
25,65,hmfjpwb,lexical_decision,FALSE,TRUE,664,NA,NA,nonword
26,2,looking,lexical_decision,TRUE,TRUE,1209,7,4.344,high
26,3,threp,lexical_decision,FALSE,FALSE,654,NA,NA,nonword
26,4,qwsdfge,lexical_decision,FALSE,TRUE,1151,NA,NA,nonword
26,5,glarp,lexical_decision,FALSE,FALSE,1883,NA,NA,nonword
26,6,brendle,lexical_decision,FALSE,FALSE,1371,NA,NA,nonword
26,7,doing,lexical_decision,TRUE,TRUE,736,5,4.72,high
26,8,glonick,lexical_decision,FALSE,TRUE,1095,NA,NA,nonword
26,9,stend,lexical_decision,FALSE,TRUE,5203,NA,NA,nonword
26,10,brote,lexical_decision,FALSE,TRUE,864,NA,NA,nonword
26,11,zxcvb,lexical_decision,FALSE,TRUE,702,NA,NA,nonword
26,12,ribbons,lexical_decision,TRUE,TRUE,740,7,2.176,low
26,13,ptwxlbn,lexical_decision,FALSE,TRUE,1199,NA,NA,nonword
26,14,fphql,lexical_decision,FALSE,TRUE,768,NA,NA,nonword
26,15,talking,lexical_decision,TRUE,TRUE,725,7,4.405,high
26,16,vqnfksp,lexical_decision,FALSE,TRUE,799,NA,NA,nonword
26,17,morning,lexical_decision,TRUE,TRUE,905,7,4.35,high
26,18,trilogy,lexical_decision,TRUE,TRUE,927,7,1.518,low
26,19,exert,lexical_decision,TRUE,TRUE,738,5,1.544,low
26,20,ptbwx,lexical_decision,FALSE,TRUE,653,NA,NA,nonword
26,21,knitted,lexical_decision,TRUE,TRUE,1274,7,1.532,low
26,22,frosket,lexical_decision,FALSE,FALSE,3041,NA,NA,nonword
26,23,ploke,lexical_decision,FALSE,FALSE,604,NA,NA,nonword
26,24,another,lexical_decision,TRUE,TRUE,1456,7,4.415,high
26,25,through,lexical_decision,TRUE,TRUE,891,7,4.448,high
26,26,where,lexical_decision,TRUE,TRUE,670,5,4.97,high
26,27,doubles,lexical_decision,TRUE,TRUE,632,7,2.173,low
26,28,snackle,lexical_decision,FALSE,FALSE,809,NA,NA,nonword
26,29,blong,lexical_decision,FALSE,FALSE,939,NA,NA,nonword
26,30,aided,lexical_decision,TRUE,TRUE,681,5,1.532,low
26,31,think,lexical_decision,TRUE,TRUE,832,5,5.138,high
26,32,maybe,lexical_decision,TRUE,TRUE,726,5,4.674,high
26,33,tpszk,lexical_decision,FALSE,TRUE,683,NA,NA,nonword
26,34,right,lexical_decision,TRUE,TRUE,1014,5,5.311,high
26,35,nothing,lexical_decision,TRUE,TRUE,596,7,4.639,high
26,36,claster,lexical_decision,FALSE,FALSE,747,NA,NA,nonword
26,37,thing,lexical_decision,TRUE,TRUE,700,5,4.745,high
26,38,tipsy,lexical_decision,TRUE,TRUE,748,5,1.532,low
26,39,sorry,lexical_decision,TRUE,TRUE,623,5,4.775,high
26,40,lxzctgr,lexical_decision,FALSE,TRUE,758,NA,NA,nonword
26,41,hmfjpwb,lexical_decision,FALSE,TRUE,621,NA,NA,nonword
26,42,lbmwq,lexical_decision,FALSE,TRUE,611,NA,NA,nonword
26,43,sized,lexical_decision,TRUE,TRUE,704,5,1.518,low
26,44,taunt,lexical_decision,TRUE,TRUE,998,5,1.518,low
26,45,trinity,lexical_decision,TRUE,TRUE,686,7,2.176,low
26,46,heaving,lexical_decision,TRUE,TRUE,579,7,1.505,low
26,47,qwsdf,lexical_decision,FALSE,TRUE,836,NA,NA,nonword
26,48,believe,lexical_decision,TRUE,TRUE,880,7,4.504,high
26,49,inhabit,lexical_decision,TRUE,TRUE,1786,7,1.532,low
26,50,thought,lexical_decision,TRUE,TRUE,624,7,4.615,high
26,51,gkfjvmd,lexical_decision,FALSE,TRUE,669,NA,NA,nonword
26,52,woven,lexical_decision,TRUE,TRUE,563,5,1.518,low
26,53,bkgtl,lexical_decision,FALSE,TRUE,682,NA,NA,nonword
26,54,tromple,lexical_decision,FALSE,FALSE,867,NA,NA,nonword
26,55,denim,lexical_decision,TRUE,TRUE,788,5,1.532,low
26,56,bcrztxl,lexical_decision,FALSE,TRUE,859,NA,NA,nonword
26,57,going,lexical_decision,TRUE,TRUE,665,5,5.035,high
26,58,platter,lexical_decision,TRUE,TRUE,588,7,2.176,low
26,59,pasty,lexical_decision,TRUE,TRUE,516,5,1.505,low
26,60,splinth,lexical_decision,FALSE,FALSE,795,NA,NA,nonword
26,61,zvxqrdt,lexical_decision,FALSE,TRUE,594,NA,NA,nonword
26,62,flirp,lexical_decision,FALSE,FALSE,844,NA,NA,nonword
26,63,plimber,lexical_decision,FALSE,FALSE,1199,NA,NA,nonword
26,64,cjvgy,lexical_decision,FALSE,TRUE,711,NA,NA,nonword
26,65,kwilt,lexical_decision,FALSE,FALSE,1096,NA,NA,nonword
27,2,taunt,lexical_decision,TRUE,TRUE,1412,5,1.518,low
27,3,bkgtl,lexical_decision,FALSE,TRUE,1966,NA,NA,nonword
27,4,another,lexical_decision,TRUE,TRUE,622,7,4.415,high
27,5,tpszk,lexical_decision,FALSE,TRUE,561,NA,NA,nonword
27,6,hmfjpwb,lexical_decision,FALSE,TRUE,647,NA,NA,nonword
27,7,zvxqrdt,lexical_decision,FALSE,TRUE,567,NA,NA,nonword
27,8,thing,lexical_decision,TRUE,TRUE,591,5,4.745,high
27,9,fphql,lexical_decision,FALSE,TRUE,719,NA,NA,nonword
27,10,frosket,lexical_decision,FALSE,FALSE,639,NA,NA,nonword
27,11,plimber,lexical_decision,FALSE,TRUE,983,NA,NA,nonword
27,12,pasty,lexical_decision,TRUE,TRUE,863,5,1.505,low
27,13,glonick,lexical_decision,FALSE,TRUE,775,NA,NA,nonword
27,14,ptbwx,lexical_decision,FALSE,TRUE,647,NA,NA,nonword
27,15,threp,lexical_decision,FALSE,TRUE,807,NA,NA,nonword
27,16,sorry,lexical_decision,TRUE,TRUE,693,5,4.775,high
27,17,think,lexical_decision,TRUE,TRUE,577,5,5.138,high
27,18,doubles,lexical_decision,TRUE,TRUE,574,7,2.173,low
27,19,inhabit,lexical_decision,TRUE,TRUE,590,7,1.532,low
27,20,vqnfksp,lexical_decision,FALSE,TRUE,585,NA,NA,nonword
27,21,exert,lexical_decision,TRUE,TRUE,790,5,1.544,low
27,22,ptwxlbn,lexical_decision,FALSE,TRUE,632,NA,NA,nonword
27,23,woven,lexical_decision,TRUE,TRUE,630,5,1.518,low
27,24,qwsdfge,lexical_decision,FALSE,TRUE,871,NA,NA,nonword
27,25,ribbons,lexical_decision,TRUE,TRUE,687,7,2.176,low
27,26,looking,lexical_decision,TRUE,TRUE,559,7,4.344,high
27,27,trinity,lexical_decision,TRUE,TRUE,575,7,2.176,low
27,28,denim,lexical_decision,TRUE,TRUE,624,5,1.532,low
27,29,stend,lexical_decision,FALSE,TRUE,727,NA,NA,nonword
27,30,where,lexical_decision,TRUE,TRUE,719,5,4.97,high
27,31,tromple,lexical_decision,FALSE,TRUE,775,NA,NA,nonword
27,32,gkfjvmd,lexical_decision,FALSE,TRUE,671,NA,NA,nonword
27,33,kwilt,lexical_decision,FALSE,TRUE,215,NA,NA,nonword
27,34,zxcvb,lexical_decision,FALSE,TRUE,1270,NA,NA,nonword
27,35,trilogy,lexical_decision,TRUE,TRUE,583,7,1.518,low
27,36,blong,lexical_decision,FALSE,FALSE,615,NA,NA,nonword
27,37,through,lexical_decision,TRUE,FALSE,328,7,4.448,high
27,38,tipsy,lexical_decision,TRUE,TRUE,1344,5,1.532,low
27,39,flirp,lexical_decision,FALSE,TRUE,814,NA,NA,nonword
27,40,lbmwq,lexical_decision,FALSE,TRUE,743,NA,NA,nonword
27,41,brendle,lexical_decision,FALSE,FALSE,568,NA,NA,nonword
27,42,right,lexical_decision,TRUE,TRUE,639,5,5.311,high
27,43,nothing,lexical_decision,TRUE,TRUE,552,7,4.639,high
27,44,sized,lexical_decision,TRUE,TRUE,583,5,1.518,low
27,45,snackle,lexical_decision,FALSE,TRUE,751,NA,NA,nonword
27,46,heaving,lexical_decision,TRUE,TRUE,655,7,1.505,low
27,47,maybe,lexical_decision,TRUE,TRUE,615,5,4.674,high
27,48,aided,lexical_decision,TRUE,TRUE,551,5,1.532,low
27,49,brote,lexical_decision,FALSE,TRUE,654,NA,NA,nonword
27,50,ploke,lexical_decision,FALSE,TRUE,640,NA,NA,nonword
27,51,doing,lexical_decision,TRUE,TRUE,615,5,4.72,high
27,52,lxzctgr,lexical_decision,FALSE,TRUE,679,NA,NA,nonword
27,53,splinth,lexical_decision,FALSE,FALSE,591,NA,NA,nonword
27,54,bcrztxl,lexical_decision,FALSE,FALSE,687,NA,NA,nonword
27,55,glarp,lexical_decision,FALSE,FALSE,1103,NA,NA,nonword
27,56,claster,lexical_decision,FALSE,FALSE,823,NA,NA,nonword
27,57,going,lexical_decision,TRUE,FALSE,615,5,5.035,high
27,58,morning,lexical_decision,TRUE,TRUE,447,7,4.35,high
27,59,cjvgy,lexical_decision,FALSE,TRUE,1429,NA,NA,nonword
27,60,qwsdf,lexical_decision,FALSE,TRUE,617,NA,NA,nonword
27,61,talking,lexical_decision,TRUE,TRUE,671,7,4.405,high
27,62,thought,lexical_decision,TRUE,TRUE,487,7,4.615,high
27,63,believe,lexical_decision,TRUE,TRUE,624,7,4.504,high
27,64,platter,lexical_decision,TRUE,FALSE,783,7,2.176,low
27,65,knitted,lexical_decision,TRUE,TRUE,1278,7,1.532,low
28,2,exert,lexical_decision,TRUE,TRUE,866,5,1.544,low
28,3,heaving,lexical_decision,TRUE,TRUE,1816,7,1.505,low
28,4,talking,lexical_decision,TRUE,TRUE,612,7,4.405,high
28,5,frosket,lexical_decision,FALSE,TRUE,725,NA,NA,nonword
28,6,thing,lexical_decision,TRUE,TRUE,657,5,4.745,high
28,7,gkfjvmd,lexical_decision,FALSE,TRUE,620,NA,NA,nonword
28,8,lbmwq,lexical_decision,FALSE,TRUE,637,NA,NA,nonword
28,9,sorry,lexical_decision,TRUE,TRUE,574,5,4.775,high
28,10,woven,lexical_decision,TRUE,FALSE,1024,5,1.518,low
28,11,blong,lexical_decision,FALSE,FALSE,881,NA,NA,nonword
28,12,kwilt,lexical_decision,FALSE,TRUE,557,NA,NA,nonword
28,13,tpszk,lexical_decision,FALSE,TRUE,580,NA,NA,nonword
28,14,glarp,lexical_decision,FALSE,FALSE,643,NA,NA,nonword
28,15,flirp,lexical_decision,FALSE,FALSE,688,NA,NA,nonword
28,16,snackle,lexical_decision,FALSE,FALSE,838,NA,NA,nonword
28,17,taunt,lexical_decision,TRUE,TRUE,676,5,1.518,low
28,18,going,lexical_decision,TRUE,FALSE,493,5,5.035,high
28,19,through,lexical_decision,TRUE,TRUE,719,7,4.448,high
28,20,stend,lexical_decision,FALSE,FALSE,801,NA,NA,nonword
28,21,lxzctgr,lexical_decision,FALSE,TRUE,560,NA,NA,nonword
28,22,hmfjpwb,lexical_decision,FALSE,TRUE,669,NA,NA,nonword
28,23,vqnfksp,lexical_decision,FALSE,TRUE,583,NA,NA,nonword
28,24,denim,lexical_decision,TRUE,FALSE,791,5,1.532,low
28,25,platter,lexical_decision,TRUE,TRUE,617,7,2.176,low
28,26,qwsdfge,lexical_decision,FALSE,TRUE,606,NA,NA,nonword
28,27,morning,lexical_decision,TRUE,TRUE,504,7,4.35,high
28,28,claster,lexical_decision,FALSE,FALSE,559,NA,NA,nonword
28,29,brote,lexical_decision,FALSE,FALSE,786,NA,NA,nonword
28,30,bcrztxl,lexical_decision,FALSE,TRUE,494,NA,NA,nonword
28,31,ptwxlbn,lexical_decision,FALSE,TRUE,495,NA,NA,nonword
28,32,glonick,lexical_decision,FALSE,FALSE,562,NA,NA,nonword
28,33,doing,lexical_decision,TRUE,TRUE,533,5,4.72,high
28,34,tipsy,lexical_decision,TRUE,TRUE,468,5,1.532,low
28,35,thought,lexical_decision,TRUE,TRUE,480,7,4.615,high
28,36,knitted,lexical_decision,TRUE,TRUE,479,7,1.532,low
28,37,zvxqrdt,lexical_decision,FALSE,TRUE,457,NA,NA,nonword
28,38,believe,lexical_decision,TRUE,TRUE,626,7,4.504,high
28,39,ploke,lexical_decision,FALSE,TRUE,625,NA,NA,nonword
28,40,looking,lexical_decision,TRUE,TRUE,570,7,4.344,high
28,41,qwsdf,lexical_decision,FALSE,TRUE,578,NA,NA,nonword
28,42,inhabit,lexical_decision,TRUE,TRUE,612,7,1.532,low
28,43,doubles,lexical_decision,TRUE,TRUE,580,7,2.173,low
28,44,pasty,lexical_decision,TRUE,TRUE,488,5,1.505,low
28,45,where,lexical_decision,TRUE,TRUE,519,5,4.97,high
28,46,trilogy,lexical_decision,TRUE,TRUE,676,7,1.518,low
28,47,trinity,lexical_decision,TRUE,TRUE,481,7,2.176,low
28,48,ptbwx,lexical_decision,FALSE,TRUE,507,NA,NA,nonword
28,49,maybe,lexical_decision,TRUE,TRUE,577,5,4.674,high
28,50,brendle,lexical_decision,FALSE,FALSE,670,NA,NA,nonword
28,51,nothing,lexical_decision,TRUE,TRUE,527,7,4.639,high
28,52,plimber,lexical_decision,FALSE,FALSE,527,NA,NA,nonword
28,53,another,lexical_decision,TRUE,TRUE,610,7,4.415,high
28,54,sized,lexical_decision,TRUE,TRUE,529,5,1.518,low
28,55,threp,lexical_decision,FALSE,TRUE,645,NA,NA,nonword
28,56,splinth,lexical_decision,FALSE,FALSE,1019,NA,NA,nonword
28,57,zxcvb,lexical_decision,FALSE,TRUE,795,NA,NA,nonword
28,58,tromple,lexical_decision,FALSE,TRUE,856,NA,NA,nonword
28,59,think,lexical_decision,TRUE,TRUE,557,5,5.138,high
28,60,fphql,lexical_decision,FALSE,TRUE,475,NA,NA,nonword
28,61,bkgtl,lexical_decision,FALSE,TRUE,683,NA,NA,nonword
28,62,ribbons,lexical_decision,TRUE,TRUE,925,7,2.176,low
28,63,right,lexical_decision,TRUE,TRUE,760,5,5.311,high
28,64,cjvgy,lexical_decision,FALSE,TRUE,616,NA,NA,nonword
28,65,aided,lexical_decision,TRUE,TRUE,761,5,1.532,low
29,2,tipsy,lexical_decision,TRUE,TRUE,1799,5,1.532,low
29,3,cjvgy,lexical_decision,FALSE,TRUE,1084,NA,NA,nonword
29,4,right,lexical_decision,TRUE,TRUE,713,5,5.311,high
29,5,gkfjvmd,lexical_decision,FALSE,TRUE,805,NA,NA,nonword
29,6,claster,lexical_decision,FALSE,FALSE,1094,NA,NA,nonword
29,7,kwilt,lexical_decision,FALSE,TRUE,1550,NA,NA,nonword
29,8,zxcvb,lexical_decision,FALSE,TRUE,1177,NA,NA,nonword
29,9,maybe,lexical_decision,TRUE,TRUE,641,5,4.674,high
29,10,ploke,lexical_decision,FALSE,FALSE,982,NA,NA,nonword
29,11,zvxqrdt,lexical_decision,FALSE,TRUE,713,NA,NA,nonword
29,12,taunt,lexical_decision,TRUE,TRUE,770,5,1.518,low
29,13,ptbwx,lexical_decision,FALSE,TRUE,760,NA,NA,nonword
29,14,brendle,lexical_decision,FALSE,FALSE,1176,NA,NA,nonword
29,15,plimber,lexical_decision,FALSE,FALSE,590,NA,NA,nonword
29,16,trilogy,lexical_decision,TRUE,TRUE,2474,7,1.518,low
29,17,tromple,lexical_decision,FALSE,TRUE,981,NA,NA,nonword
29,18,going,lexical_decision,TRUE,TRUE,925,5,5.035,high
29,19,exert,lexical_decision,TRUE,TRUE,896,5,1.544,low
29,20,fphql,lexical_decision,FALSE,TRUE,708,NA,NA,nonword
29,21,blong,lexical_decision,FALSE,FALSE,699,NA,NA,nonword
29,22,nothing,lexical_decision,TRUE,TRUE,925,7,4.639,high
29,23,denim,lexical_decision,TRUE,TRUE,3735,5,1.532,low
29,24,qwsdfge,lexical_decision,FALSE,TRUE,689,NA,NA,nonword
29,25,frosket,lexical_decision,FALSE,FALSE,828,NA,NA,nonword
29,26,glonick,lexical_decision,FALSE,FALSE,1323,NA,NA,nonword
29,27,vqnfksp,lexical_decision,FALSE,TRUE,693,NA,NA,nonword
29,28,morning,lexical_decision,TRUE,TRUE,815,7,4.35,high
29,29,doubles,lexical_decision,TRUE,TRUE,844,7,2.173,low
29,30,lbmwq,lexical_decision,FALSE,TRUE,647,NA,NA,nonword
29,31,sorry,lexical_decision,TRUE,TRUE,684,5,4.775,high
29,32,through,lexical_decision,TRUE,TRUE,717,7,4.448,high
29,33,tpszk,lexical_decision,FALSE,TRUE,1183,NA,NA,nonword
29,34,trinity,lexical_decision,TRUE,TRUE,1495,7,2.176,low
29,35,glarp,lexical_decision,FALSE,FALSE,1319,NA,NA,nonword
29,36,doing,lexical_decision,TRUE,TRUE,950,5,4.72,high
29,37,hmfjpwb,lexical_decision,FALSE,TRUE,653,NA,NA,nonword
29,38,pasty,lexical_decision,TRUE,TRUE,787,5,1.505,low
29,39,snackle,lexical_decision,FALSE,FALSE,762,NA,NA,nonword
29,40,sized,lexical_decision,TRUE,TRUE,681,5,1.518,low
29,41,where,lexical_decision,TRUE,TRUE,679,5,4.97,high
29,42,qwsdf,lexical_decision,FALSE,TRUE,654,NA,NA,nonword
29,43,thing,lexical_decision,TRUE,TRUE,667,5,4.745,high
29,44,platter,lexical_decision,TRUE,TRUE,1179,7,2.176,low
29,45,another,lexical_decision,TRUE,TRUE,684,7,4.415,high
29,46,ptwxlbn,lexical_decision,FALSE,TRUE,579,NA,NA,nonword
29,47,woven,lexical_decision,TRUE,TRUE,677,5,1.518,low
29,48,bcrztxl,lexical_decision,FALSE,TRUE,680,NA,NA,nonword
29,49,flirp,lexical_decision,FALSE,FALSE,634,NA,NA,nonword
29,50,heaving,lexical_decision,TRUE,FALSE,655,7,1.505,low
29,51,knitted,lexical_decision,TRUE,TRUE,1110,7,1.532,low
29,52,bkgtl,lexical_decision,FALSE,TRUE,751,NA,NA,nonword
29,53,lxzctgr,lexical_decision,FALSE,TRUE,678,NA,NA,nonword
29,54,stend,lexical_decision,FALSE,FALSE,647,NA,NA,nonword
29,55,thought,lexical_decision,TRUE,TRUE,786,7,4.615,high
29,56,threp,lexical_decision,FALSE,FALSE,1335,NA,NA,nonword
29,57,brote,lexical_decision,FALSE,FALSE,869,NA,NA,nonword
29,58,splinth,lexical_decision,FALSE,FALSE,674,NA,NA,nonword
29,59,aided,lexical_decision,TRUE,FALSE,842,5,1.532,low
29,60,inhabit,lexical_decision,TRUE,TRUE,799,7,1.532,low
29,61,looking,lexical_decision,TRUE,FALSE,660,7,4.344,high
29,62,ribbons,lexical_decision,TRUE,TRUE,1006,7,2.176,low
29,63,believe,lexical_decision,TRUE,TRUE,1272,7,4.504,high
29,64,talking,lexical_decision,TRUE,TRUE,786,7,4.405,high
29,65,think,lexical_decision,TRUE,TRUE,659,5,5.138,high
30,2,lbmwq,lexical_decision,FALSE,FALSE,1732,NA,NA,nonword
30,3,stend,lexical_decision,FALSE,FALSE,919,NA,NA,nonword
30,4,denim,lexical_decision,TRUE,TRUE,1297,5,1.532,low
30,5,knitted,lexical_decision,TRUE,TRUE,2323,7,1.532,low
30,6,frosket,lexical_decision,FALSE,TRUE,979,NA,NA,nonword
30,7,through,lexical_decision,TRUE,TRUE,763,7,4.448,high
30,8,bcrztxl,lexical_decision,FALSE,TRUE,799,NA,NA,nonword
30,9,qwsdfge,lexical_decision,FALSE,TRUE,683,NA,NA,nonword
30,10,pasty,lexical_decision,TRUE,TRUE,745,5,1.505,low
30,11,aided,lexical_decision,TRUE,TRUE,872,5,1.532,low
30,12,exert,lexical_decision,TRUE,TRUE,721,5,1.544,low
30,13,taunt,lexical_decision,TRUE,FALSE,876,5,1.518,low
30,14,brote,lexical_decision,FALSE,TRUE,1224,NA,NA,nonword
30,15,plimber,lexical_decision,FALSE,TRUE,2145,NA,NA,nonword
30,16,heaving,lexical_decision,TRUE,TRUE,746,7,1.505,low
30,17,morning,lexical_decision,TRUE,TRUE,670,7,4.35,high
30,18,sorry,lexical_decision,TRUE,TRUE,673,5,4.775,high
30,19,hmfjpwb,lexical_decision,FALSE,TRUE,657,NA,NA,nonword
30,20,ptwxlbn,lexical_decision,FALSE,TRUE,667,NA,NA,nonword
30,21,believe,lexical_decision,TRUE,TRUE,639,7,4.504,high
30,22,brendle,lexical_decision,FALSE,FALSE,586,NA,NA,nonword
30,23,tipsy,lexical_decision,TRUE,TRUE,986,5,1.532,low
30,24,talking,lexical_decision,TRUE,TRUE,675,7,4.405,high
30,25,where,lexical_decision,TRUE,TRUE,678,5,4.97,high
30,26,platter,lexical_decision,TRUE,TRUE,593,7,2.176,low
30,27,vqnfksp,lexical_decision,FALSE,TRUE,706,NA,NA,nonword
30,28,fphql,lexical_decision,FALSE,TRUE,674,NA,NA,nonword
30,29,going,lexical_decision,TRUE,TRUE,637,5,5.035,high
30,30,tromple,lexical_decision,FALSE,FALSE,1083,NA,NA,nonword
30,31,thought,lexical_decision,TRUE,TRUE,724,7,4.615,high
30,32,nothing,lexical_decision,TRUE,TRUE,1025,7,4.639,high
30,33,doubles,lexical_decision,TRUE,TRUE,725,7,2.173,low
30,34,inhabit,lexical_decision,TRUE,TRUE,710,7,1.532,low
30,35,doing,lexical_decision,TRUE,TRUE,731,5,4.72,high
30,36,ploke,lexical_decision,FALSE,FALSE,689,NA,NA,nonword
30,37,thing,lexical_decision,TRUE,TRUE,650,5,4.745,high
30,38,snackle,lexical_decision,FALSE,FALSE,664,NA,NA,nonword
30,39,glonick,lexical_decision,FALSE,FALSE,770,NA,NA,nonword
30,40,flirp,lexical_decision,FALSE,FALSE,780,NA,NA,nonword
30,41,bkgtl,lexical_decision,FALSE,TRUE,764,NA,NA,nonword
30,42,zxcvb,lexical_decision,FALSE,TRUE,660,NA,NA,nonword
30,43,maybe,lexical_decision,TRUE,TRUE,826,5,4.674,high
30,44,zvxqrdt,lexical_decision,FALSE,TRUE,698,NA,NA,nonword
30,45,right,lexical_decision,TRUE,TRUE,781,5,5.311,high
30,46,trilogy,lexical_decision,TRUE,TRUE,2032,7,1.518,low
30,47,blong,lexical_decision,FALSE,TRUE,1106,NA,NA,nonword
30,48,trinity,lexical_decision,TRUE,TRUE,1514,7,2.176,low
30,49,glarp,lexical_decision,FALSE,FALSE,561,NA,NA,nonword
30,50,claster,lexical_decision,FALSE,FALSE,501,NA,NA,nonword
30,51,cjvgy,lexical_decision,FALSE,TRUE,729,NA,NA,nonword
30,52,woven,lexical_decision,TRUE,TRUE,697,5,1.518,low
30,53,splinth,lexical_decision,FALSE,FALSE,770,NA,NA,nonword
30,54,tpszk,lexical_decision,FALSE,TRUE,666,NA,NA,nonword
30,55,ribbons,lexical_decision,TRUE,TRUE,587,7,2.176,low
30,56,threp,lexical_decision,FALSE,FALSE,560,NA,NA,nonword
30,57,sized,lexical_decision,TRUE,TRUE,514,5,1.518,low
30,58,looking,lexical_decision,TRUE,TRUE,589,7,4.344,high
30,59,kwilt,lexical_decision,FALSE,TRUE,679,NA,NA,nonword
30,60,another,lexical_decision,TRUE,TRUE,517,7,4.415,high
30,61,think,lexical_decision,TRUE,TRUE,503,5,5.138,high
30,62,ptbwx,lexical_decision,FALSE,TRUE,574,NA,NA,nonword
30,63,qwsdf,lexical_decision,FALSE,FALSE,478,NA,NA,nonword
30,64,lxzctgr,lexical_decision,FALSE,TRUE,301,NA,NA,nonword
30,65,gkfjvmd,lexical_decision,FALSE,TRUE,596,NA,NA,nonword
31,2,vqnfksp,lexical_decision,FALSE,TRUE,6602,NA,NA,nonword
31,3,pasty,lexical_decision,TRUE,TRUE,2349,5,1.505,low
31,4,tpszk,lexical_decision,FALSE,TRUE,649,NA,NA,nonword
31,5,ptbwx,lexical_decision,FALSE,TRUE,467,NA,NA,nonword
31,6,through,lexical_decision,TRUE,TRUE,482,7,4.448,high
31,7,another,lexical_decision,TRUE,TRUE,578,7,4.415,high
31,8,woven,lexical_decision,TRUE,TRUE,489,5,1.518,low
31,9,aided,lexical_decision,TRUE,TRUE,511,5,1.532,low
31,10,nothing,lexical_decision,TRUE,TRUE,447,7,4.639,high
31,11,glarp,lexical_decision,FALSE,FALSE,423,NA,NA,nonword
31,12,bkgtl,lexical_decision,FALSE,TRUE,1174,NA,NA,nonword
31,13,ribbons,lexical_decision,TRUE,TRUE,875,7,2.176,low
31,14,thing,lexical_decision,TRUE,TRUE,600,5,4.745,high
31,15,sorry,lexical_decision,TRUE,TRUE,489,5,4.775,high
31,16,threp,lexical_decision,FALSE,TRUE,1151,NA,NA,nonword
31,17,ploke,lexical_decision,FALSE,TRUE,751,NA,NA,nonword
31,18,looking,lexical_decision,TRUE,TRUE,527,7,4.344,high
31,19,cjvgy,lexical_decision,FALSE,TRUE,583,NA,NA,nonword
31,20,inhabit,lexical_decision,TRUE,TRUE,702,7,1.532,low
31,21,qwsdf,lexical_decision,FALSE,TRUE,516,NA,NA,nonword
31,22,glonick,lexical_decision,FALSE,TRUE,884,NA,NA,nonword
31,23,bcrztxl,lexical_decision,FALSE,TRUE,466,NA,NA,nonword
31,24,maybe,lexical_decision,TRUE,TRUE,614,5,4.674,high
31,25,blong,lexical_decision,FALSE,TRUE,672,NA,NA,nonword
31,26,exert,lexical_decision,TRUE,FALSE,489,5,1.544,low
31,27,kwilt,lexical_decision,FALSE,TRUE,818,NA,NA,nonword
31,28,frosket,lexical_decision,FALSE,TRUE,642,NA,NA,nonword
31,29,gkfjvmd,lexical_decision,FALSE,TRUE,556,NA,NA,nonword
31,30,right,lexical_decision,TRUE,TRUE,613,5,5.311,high
31,31,heaving,lexical_decision,TRUE,TRUE,664,7,1.505,low
31,32,morning,lexical_decision,TRUE,TRUE,424,7,4.35,high
31,33,snackle,lexical_decision,FALSE,TRUE,1524,NA,NA,nonword
31,34,going,lexical_decision,TRUE,TRUE,570,5,5.035,high
31,35,splinth,lexical_decision,FALSE,TRUE,889,NA,NA,nonword
31,36,talking,lexical_decision,TRUE,TRUE,613,7,4.405,high
31,37,platter,lexical_decision,TRUE,TRUE,839,7,2.176,low
31,38,qwsdfge,lexical_decision,FALSE,TRUE,955,NA,NA,nonword
31,39,believe,lexical_decision,TRUE,TRUE,614,7,4.504,high
31,40,plimber,lexical_decision,FALSE,TRUE,780,NA,NA,nonword
31,41,trinity,lexical_decision,TRUE,TRUE,613,7,2.176,low
31,42,where,lexical_decision,TRUE,TRUE,949,5,4.97,high
31,43,hmfjpwb,lexical_decision,FALSE,TRUE,649,NA,NA,nonword
31,44,stend,lexical_decision,FALSE,TRUE,839,NA,NA,nonword
31,45,think,lexical_decision,TRUE,TRUE,505,5,5.138,high
31,46,denim,lexical_decision,TRUE,TRUE,641,5,1.532,low
31,47,flirp,lexical_decision,FALSE,TRUE,758,NA,NA,nonword
31,48,trilogy,lexical_decision,TRUE,TRUE,613,7,1.518,low
31,49,doubles,lexical_decision,TRUE,TRUE,796,7,2.173,low
31,50,tromple,lexical_decision,FALSE,TRUE,846,NA,NA,nonword
31,51,zvxqrdt,lexical_decision,FALSE,TRUE,884,NA,NA,nonword
31,52,taunt,lexical_decision,TRUE,TRUE,854,5,1.518,low
31,53,tipsy,lexical_decision,TRUE,TRUE,687,5,1.532,low
31,54,ptwxlbn,lexical_decision,FALSE,TRUE,518,NA,NA,nonword
31,55,fphql,lexical_decision,FALSE,TRUE,400,NA,NA,nonword
31,56,brendle,lexical_decision,FALSE,TRUE,643,NA,NA,nonword
31,57,lbmwq,lexical_decision,FALSE,TRUE,555,NA,NA,nonword
31,58,thought,lexical_decision,TRUE,TRUE,504,7,4.615,high
31,59,lxzctgr,lexical_decision,FALSE,TRUE,473,NA,NA,nonword
31,60,claster,lexical_decision,FALSE,FALSE,899,NA,NA,nonword
31,61,doing,lexical_decision,TRUE,TRUE,554,5,4.72,high
31,62,sized,lexical_decision,TRUE,TRUE,467,5,1.518,low
31,63,knitted,lexical_decision,TRUE,TRUE,424,7,1.532,low
31,64,zxcvb,lexical_decision,FALSE,TRUE,496,NA,NA,nonword
31,65,brote,lexical_decision,FALSE,TRUE,665,NA,NA,nonword
32,2,lxzctgr,lexical_decision,FALSE,TRUE,1258,NA,NA,nonword
32,3,plimber,lexical_decision,FALSE,FALSE,1214,NA,NA,nonword
32,4,think,lexical_decision,TRUE,TRUE,684,5,5.138,high
32,5,thing,lexical_decision,TRUE,TRUE,651,5,4.745,high
32,6,thought,lexical_decision,TRUE,TRUE,498,7,4.615,high
32,7,trilogy,lexical_decision,TRUE,TRUE,1517,7,1.518,low
32,8,trinity,lexical_decision,TRUE,TRUE,543,7,2.176,low
32,9,ptwxlbn,lexical_decision,FALSE,TRUE,613,NA,NA,nonword
32,10,sorry,lexical_decision,TRUE,TRUE,582,5,4.775,high
32,11,through,lexical_decision,TRUE,TRUE,504,7,4.448,high
32,12,glarp,lexical_decision,FALSE,FALSE,518,NA,NA,nonword
32,13,qwsdf,lexical_decision,FALSE,TRUE,912,NA,NA,nonword
32,14,right,lexical_decision,TRUE,TRUE,1057,5,5.311,high
32,15,going,lexical_decision,TRUE,TRUE,547,5,5.035,high
32,16,hmfjpwb,lexical_decision,FALSE,TRUE,533,NA,NA,nonword
32,17,doing,lexical_decision,TRUE,TRUE,577,5,4.72,high
32,18,bkgtl,lexical_decision,FALSE,TRUE,554,NA,NA,nonword
32,19,morning,lexical_decision,TRUE,TRUE,552,7,4.35,high
32,20,exert,lexical_decision,TRUE,TRUE,861,5,1.544,low
32,21,knitted,lexical_decision,TRUE,TRUE,514,7,1.532,low
32,22,platter,lexical_decision,TRUE,TRUE,571,7,2.176,low
32,23,aided,lexical_decision,TRUE,TRUE,674,5,1.532,low
32,24,ploke,lexical_decision,FALSE,TRUE,1165,NA,NA,nonword
32,25,brote,lexical_decision,FALSE,TRUE,905,NA,NA,nonword
32,26,where,lexical_decision,TRUE,TRUE,595,5,4.97,high
32,27,pasty,lexical_decision,TRUE,TRUE,817,5,1.505,low
32,28,fphql,lexical_decision,FALSE,TRUE,876,NA,NA,nonword
32,29,sized,lexical_decision,TRUE,FALSE,1337,5,1.518,low
32,30,stend,lexical_decision,FALSE,TRUE,858,NA,NA,nonword
32,31,brendle,lexical_decision,FALSE,TRUE,1157,NA,NA,nonword
32,32,snackle,lexical_decision,FALSE,TRUE,969,NA,NA,nonword
32,33,gkfjvmd,lexical_decision,FALSE,TRUE,1055,NA,NA,nonword
32,34,doubles,lexical_decision,TRUE,FALSE,1644,7,2.173,low
32,35,maybe,lexical_decision,TRUE,TRUE,786,5,4.674,high
32,36,believe,lexical_decision,TRUE,TRUE,661,7,4.504,high
32,37,blong,lexical_decision,FALSE,TRUE,830,NA,NA,nonword
32,38,lbmwq,lexical_decision,FALSE,TRUE,536,NA,NA,nonword
32,39,frosket,lexical_decision,FALSE,TRUE,768,NA,NA,nonword
32,40,looking,lexical_decision,TRUE,TRUE,724,7,4.344,high
32,41,qwsdfge,lexical_decision,FALSE,TRUE,519,NA,NA,nonword
32,42,another,lexical_decision,TRUE,TRUE,793,7,4.415,high
32,43,woven,lexical_decision,TRUE,TRUE,1100,5,1.518,low
32,44,zvxqrdt,lexical_decision,FALSE,TRUE,483,NA,NA,nonword
32,45,talking,lexical_decision,TRUE,TRUE,533,7,4.405,high
32,46,bcrztxl,lexical_decision,FALSE,TRUE,546,NA,NA,nonword
32,47,denim,lexical_decision,TRUE,TRUE,1373,5,1.532,low
32,48,tpszk,lexical_decision,FALSE,TRUE,1127,NA,NA,nonword
32,49,heaving,lexical_decision,TRUE,TRUE,613,7,1.505,low
32,50,claster,lexical_decision,FALSE,FALSE,963,NA,NA,nonword
32,51,glonick,lexical_decision,FALSE,TRUE,548,NA,NA,nonword
32,52,vqnfksp,lexical_decision,FALSE,TRUE,588,NA,NA,nonword
32,53,tromple,lexical_decision,FALSE,TRUE,797,NA,NA,nonword
32,54,splinth,lexical_decision,FALSE,TRUE,659,NA,NA,nonword
32,55,taunt,lexical_decision,TRUE,TRUE,842,5,1.518,low
32,56,flirp,lexical_decision,FALSE,TRUE,818,NA,NA,nonword
32,57,nothing,lexical_decision,TRUE,TRUE,590,7,4.639,high
32,58,ribbons,lexical_decision,TRUE,TRUE,675,7,2.176,low
32,59,zxcvb,lexical_decision,FALSE,FALSE,480,NA,NA,nonword
32,60,kwilt,lexical_decision,FALSE,TRUE,1330,NA,NA,nonword
32,61,inhabit,lexical_decision,TRUE,TRUE,1047,7,1.532,low
32,62,threp,lexical_decision,FALSE,TRUE,1235,NA,NA,nonword
32,63,ptbwx,lexical_decision,FALSE,TRUE,708,NA,NA,nonword
32,64,cjvgy,lexical_decision,FALSE,TRUE,538,NA,NA,nonword
32,65,tipsy,lexical_decision,TRUE,TRUE,1059,5,1.532,low
33,2,ribbons,lexical_decision,TRUE,TRUE,1929,7,2.176,low
33,3,woven,lexical_decision,TRUE,TRUE,1311,5,1.518,low
33,4,bcrztxl,lexical_decision,FALSE,TRUE,1033,NA,NA,nonword
33,5,inhabit,lexical_decision,TRUE,TRUE,2417,7,1.532,low
33,6,believe,lexical_decision,TRUE,TRUE,1004,7,4.504,high
33,7,lbmwq,lexical_decision,FALSE,TRUE,781,NA,NA,nonword
33,8,kwilt,lexical_decision,FALSE,TRUE,637,NA,NA,nonword
33,9,ploke,lexical_decision,FALSE,TRUE,971,NA,NA,nonword
33,10,brote,lexical_decision,FALSE,TRUE,949,NA,NA,nonword
33,11,splinth,lexical_decision,FALSE,FALSE,986,NA,NA,nonword
33,12,ptbwx,lexical_decision,FALSE,TRUE,685,NA,NA,nonword
33,13,maybe,lexical_decision,TRUE,TRUE,1157,5,4.674,high
33,14,exert,lexical_decision,TRUE,TRUE,1103,5,1.544,low
33,15,bkgtl,lexical_decision,FALSE,TRUE,614,NA,NA,nonword
33,16,going,lexical_decision,TRUE,TRUE,703,5,5.035,high
33,17,claster,lexical_decision,FALSE,FALSE,832,NA,NA,nonword
33,18,hmfjpwb,lexical_decision,FALSE,TRUE,648,NA,NA,nonword
33,19,ptwxlbn,lexical_decision,FALSE,TRUE,734,NA,NA,nonword
33,20,knitted,lexical_decision,TRUE,TRUE,833,7,1.532,low
33,21,thought,lexical_decision,TRUE,TRUE,708,7,4.615,high
33,22,glonick,lexical_decision,FALSE,FALSE,2007,NA,NA,nonword
33,23,doubles,lexical_decision,TRUE,TRUE,599,7,2.173,low
33,24,sized,lexical_decision,TRUE,TRUE,646,5,1.518,low
33,25,zvxqrdt,lexical_decision,FALSE,TRUE,632,NA,NA,nonword
33,26,cjvgy,lexical_decision,FALSE,TRUE,553,NA,NA,nonword
33,27,taunt,lexical_decision,TRUE,TRUE,565,5,1.518,low
33,28,where,lexical_decision,TRUE,TRUE,524,5,4.97,high
33,29,plimber,lexical_decision,FALSE,FALSE,627,NA,NA,nonword
33,30,gkfjvmd,lexical_decision,FALSE,TRUE,679,NA,NA,nonword
33,31,brendle,lexical_decision,FALSE,FALSE,862,NA,NA,nonword
33,32,blong,lexical_decision,FALSE,FALSE,805,NA,NA,nonword
33,33,trilogy,lexical_decision,TRUE,TRUE,875,7,1.518,low
33,34,doing,lexical_decision,TRUE,TRUE,766,5,4.72,high
33,35,snackle,lexical_decision,FALSE,FALSE,649,NA,NA,nonword
33,36,nothing,lexical_decision,TRUE,TRUE,538,7,4.639,high
33,37,fphql,lexical_decision,FALSE,TRUE,602,NA,NA,nonword
33,38,threp,lexical_decision,FALSE,TRUE,866,NA,NA,nonword
33,39,tromple,lexical_decision,FALSE,TRUE,643,NA,NA,nonword
33,40,sorry,lexical_decision,TRUE,TRUE,843,5,4.775,high
33,41,zxcvb,lexical_decision,FALSE,TRUE,837,NA,NA,nonword
33,42,vqnfksp,lexical_decision,FALSE,TRUE,496,NA,NA,nonword
33,43,talking,lexical_decision,TRUE,TRUE,602,7,4.405,high
33,44,through,lexical_decision,TRUE,TRUE,1135,7,4.448,high
33,45,denim,lexical_decision,TRUE,TRUE,953,5,1.532,low
33,46,aided,lexical_decision,TRUE,TRUE,743,5,1.532,low
33,47,trinity,lexical_decision,TRUE,TRUE,704,7,2.176,low
33,48,frosket,lexical_decision,FALSE,TRUE,905,NA,NA,nonword
33,49,glarp,lexical_decision,FALSE,TRUE,951,NA,NA,nonword
33,50,stend,lexical_decision,FALSE,TRUE,844,NA,NA,nonword
33,51,platter,lexical_decision,TRUE,TRUE,548,7,2.176,low
33,52,tpszk,lexical_decision,FALSE,TRUE,718,NA,NA,nonword
33,53,morning,lexical_decision,TRUE,TRUE,709,7,4.35,high
33,54,qwsdf,lexical_decision,FALSE,TRUE,788,NA,NA,nonword
33,55,qwsdfge,lexical_decision,FALSE,TRUE,628,NA,NA,nonword
33,56,right,lexical_decision,TRUE,TRUE,494,5,5.311,high
33,57,flirp,lexical_decision,FALSE,FALSE,527,NA,NA,nonword
33,58,looking,lexical_decision,TRUE,TRUE,482,7,4.344,high
33,59,another,lexical_decision,TRUE,TRUE,451,7,4.415,high
33,60,thing,lexical_decision,TRUE,TRUE,442,5,4.745,high
33,61,think,lexical_decision,TRUE,TRUE,379,5,5.138,high
33,62,tipsy,lexical_decision,TRUE,TRUE,510,5,1.532,low
33,63,heaving,lexical_decision,TRUE,TRUE,499,7,1.505,low
33,64,lxzctgr,lexical_decision,FALSE,TRUE,609,NA,NA,nonword
33,65,pasty,lexical_decision,TRUE,TRUE,626,5,1.505,low
34,2,going,lexical_decision,TRUE,TRUE,856,5,5.035,high
34,3,tromple,lexical_decision,FALSE,FALSE,1169,NA,NA,nonword
34,4,ribbons,lexical_decision,TRUE,TRUE,1383,7,2.176,low
34,5,kwilt,lexical_decision,FALSE,FALSE,1037,NA,NA,nonword
34,6,maybe,lexical_decision,TRUE,TRUE,1074,5,4.674,high
34,7,brote,lexical_decision,FALSE,FALSE,1179,NA,NA,nonword
34,8,another,lexical_decision,TRUE,TRUE,693,7,4.415,high
34,9,where,lexical_decision,TRUE,TRUE,634,5,4.97,high
34,10,qwsdfge,lexical_decision,FALSE,TRUE,1851,NA,NA,nonword
34,11,think,lexical_decision,TRUE,TRUE,706,5,5.138,high
34,12,believe,lexical_decision,TRUE,TRUE,513,7,4.504,high
34,13,zvxqrdt,lexical_decision,FALSE,TRUE,514,NA,NA,nonword
34,14,ploke,lexical_decision,FALSE,FALSE,724,NA,NA,nonword
34,15,right,lexical_decision,TRUE,TRUE,659,5,5.311,high
34,16,plimber,lexical_decision,FALSE,FALSE,519,NA,NA,nonword
34,17,fphql,lexical_decision,FALSE,TRUE,612,NA,NA,nonword
34,18,trilogy,lexical_decision,TRUE,TRUE,544,7,1.518,low
34,19,claster,lexical_decision,FALSE,FALSE,638,NA,NA,nonword
34,20,pasty,lexical_decision,TRUE,TRUE,483,5,1.505,low
34,21,doing,lexical_decision,TRUE,TRUE,440,5,4.72,high
34,22,vqnfksp,lexical_decision,FALSE,TRUE,545,NA,NA,nonword
34,23,brendle,lexical_decision,FALSE,FALSE,464,NA,NA,nonword
34,24,bkgtl,lexical_decision,FALSE,TRUE,723,NA,NA,nonword
34,25,ptwxlbn,lexical_decision,FALSE,TRUE,640,NA,NA,nonword
34,26,thought,lexical_decision,TRUE,TRUE,583,7,4.615,high
34,27,glonick,lexical_decision,FALSE,FALSE,941,NA,NA,nonword
34,28,through,lexical_decision,TRUE,TRUE,559,7,4.448,high
34,29,lbmwq,lexical_decision,FALSE,TRUE,539,NA,NA,nonword
34,30,lxzctgr,lexical_decision,FALSE,TRUE,633,NA,NA,nonword
34,31,doubles,lexical_decision,TRUE,TRUE,691,7,2.173,low
34,32,tipsy,lexical_decision,TRUE,TRUE,707,5,1.532,low
34,33,tpszk,lexical_decision,FALSE,TRUE,589,NA,NA,nonword
34,34,denim,lexical_decision,TRUE,TRUE,673,5,1.532,low
34,35,taunt,lexical_decision,TRUE,TRUE,837,5,1.518,low
34,36,hmfjpwb,lexical_decision,FALSE,TRUE,555,NA,NA,nonword
34,37,morning,lexical_decision,TRUE,TRUE,724,7,4.35,high
34,38,threp,lexical_decision,FALSE,TRUE,697,NA,NA,nonword
34,39,nothing,lexical_decision,TRUE,TRUE,889,7,4.639,high
34,40,trinity,lexical_decision,TRUE,TRUE,611,7,2.176,low
34,41,knitted,lexical_decision,TRUE,TRUE,433,7,1.532,low
34,42,aided,lexical_decision,TRUE,TRUE,414,5,1.532,low
34,43,flirp,lexical_decision,FALSE,FALSE,450,NA,NA,nonword
34,44,woven,lexical_decision,TRUE,TRUE,439,5,1.518,low
34,45,sized,lexical_decision,TRUE,TRUE,417,5,1.518,low
34,46,snackle,lexical_decision,FALSE,FALSE,385,NA,NA,nonword
34,47,sorry,lexical_decision,TRUE,TRUE,431,5,4.775,high
34,48,talking,lexical_decision,TRUE,TRUE,468,7,4.405,high
34,49,cjvgy,lexical_decision,FALSE,TRUE,590,NA,NA,nonword
34,50,exert,lexical_decision,TRUE,TRUE,742,5,1.544,low
34,51,stend,lexical_decision,FALSE,FALSE,381,NA,NA,nonword
34,52,platter,lexical_decision,TRUE,TRUE,547,7,2.176,low
34,53,blong,lexical_decision,FALSE,FALSE,436,NA,NA,nonword
34,54,inhabit,lexical_decision,TRUE,TRUE,631,7,1.532,low
34,55,splinth,lexical_decision,FALSE,FALSE,479,NA,NA,nonword
34,56,glarp,lexical_decision,FALSE,FALSE,756,NA,NA,nonword
34,57,zxcvb,lexical_decision,FALSE,TRUE,532,NA,NA,nonword
34,58,bcrztxl,lexical_decision,FALSE,TRUE,507,NA,NA,nonword
34,59,frosket,lexical_decision,FALSE,FALSE,574,NA,NA,nonword
34,60,ptbwx,lexical_decision,FALSE,TRUE,513,NA,NA,nonword
34,61,gkfjvmd,lexical_decision,FALSE,TRUE,545,NA,NA,nonword
34,62,thing,lexical_decision,TRUE,TRUE,538,5,4.745,high
34,63,looking,lexical_decision,TRUE,TRUE,578,7,4.344,high
34,64,qwsdf,lexical_decision,FALSE,TRUE,506,NA,NA,nonword
34,65,heaving,lexical_decision,TRUE,TRUE,558,7,1.505,low
35,2,tipsy,lexical_decision,TRUE,FALSE,1351,5,1.532,low
35,3,sorry,lexical_decision,TRUE,TRUE,2131,5,4.775,high
35,4,splinth,lexical_decision,FALSE,TRUE,1685,NA,NA,nonword
35,5,doing,lexical_decision,TRUE,TRUE,827,5,4.72,high
35,6,ptbwx,lexical_decision,FALSE,TRUE,794,NA,NA,nonword
35,7,plimber,lexical_decision,FALSE,TRUE,2072,NA,NA,nonword
35,8,ploke,lexical_decision,FALSE,TRUE,1109,NA,NA,nonword
35,9,ribbons,lexical_decision,TRUE,TRUE,1052,7,2.176,low
35,10,lxzctgr,lexical_decision,FALSE,TRUE,1013,NA,NA,nonword
35,11,brote,lexical_decision,FALSE,TRUE,1145,NA,NA,nonword
35,12,aided,lexical_decision,TRUE,TRUE,1029,5,1.532,low
35,13,blong,lexical_decision,FALSE,TRUE,1268,NA,NA,nonword
35,14,where,lexical_decision,TRUE,TRUE,836,5,4.97,high
35,15,woven,lexical_decision,TRUE,TRUE,1107,5,1.518,low
35,16,flirp,lexical_decision,FALSE,TRUE,1037,NA,NA,nonword
35,17,believe,lexical_decision,TRUE,TRUE,856,7,4.504,high
35,18,bcrztxl,lexical_decision,FALSE,TRUE,937,NA,NA,nonword
35,19,brendle,lexical_decision,FALSE,TRUE,1281,NA,NA,nonword
35,20,pasty,lexical_decision,TRUE,TRUE,1051,5,1.505,low
35,21,think,lexical_decision,TRUE,TRUE,1215,5,5.138,high
35,22,looking,lexical_decision,TRUE,TRUE,903,7,4.344,high
35,23,cjvgy,lexical_decision,FALSE,TRUE,1015,NA,NA,nonword
35,24,hmfjpwb,lexical_decision,FALSE,TRUE,931,NA,NA,nonword
35,25,sized,lexical_decision,TRUE,TRUE,1131,5,1.518,low
35,26,qwsdfge,lexical_decision,FALSE,TRUE,859,NA,NA,nonword
35,27,through,lexical_decision,TRUE,TRUE,856,7,4.448,high
35,28,ptwxlbn,lexical_decision,FALSE,TRUE,1106,NA,NA,nonword
35,29,exert,lexical_decision,TRUE,TRUE,1119,5,1.544,low
35,30,denim,lexical_decision,TRUE,TRUE,890,5,1.532,low
35,31,going,lexical_decision,TRUE,TRUE,664,5,5.035,high
35,32,thought,lexical_decision,TRUE,TRUE,556,7,4.615,high
35,33,tromple,lexical_decision,FALSE,TRUE,1075,NA,NA,nonword
35,34,trilogy,lexical_decision,TRUE,TRUE,875,7,1.518,low
35,35,right,lexical_decision,TRUE,TRUE,844,5,5.311,high
35,36,thing,lexical_decision,TRUE,TRUE,741,5,4.745,high
35,37,glarp,lexical_decision,FALSE,TRUE,1204,NA,NA,nonword
35,38,another,lexical_decision,TRUE,TRUE,923,7,4.415,high
35,39,kwilt,lexical_decision,FALSE,TRUE,954,NA,NA,nonword
35,40,vqnfksp,lexical_decision,FALSE,TRUE,1072,NA,NA,nonword
35,41,frosket,lexical_decision,FALSE,TRUE,945,NA,NA,nonword
35,42,talking,lexical_decision,TRUE,TRUE,884,7,4.405,high
35,43,lbmwq,lexical_decision,FALSE,TRUE,963,NA,NA,nonword
35,44,platter,lexical_decision,TRUE,TRUE,1006,7,2.176,low
35,45,inhabit,lexical_decision,TRUE,TRUE,1010,7,1.532,low
35,46,qwsdf,lexical_decision,FALSE,TRUE,978,NA,NA,nonword
35,47,snackle,lexical_decision,FALSE,TRUE,1062,NA,NA,nonword
35,48,threp,lexical_decision,FALSE,TRUE,886,NA,NA,nonword
35,49,morning,lexical_decision,TRUE,TRUE,884,7,4.35,high
35,50,fphql,lexical_decision,FALSE,TRUE,708,NA,NA,nonword
35,51,taunt,lexical_decision,TRUE,TRUE,833,5,1.518,low
35,52,bkgtl,lexical_decision,FALSE,TRUE,725,NA,NA,nonword
35,53,claster,lexical_decision,FALSE,TRUE,1480,NA,NA,nonword
35,54,nothing,lexical_decision,TRUE,TRUE,1700,7,4.639,high
35,55,trinity,lexical_decision,TRUE,TRUE,936,7,2.176,low
35,56,doubles,lexical_decision,TRUE,TRUE,757,7,2.173,low
35,57,tpszk,lexical_decision,FALSE,TRUE,812,NA,NA,nonword
35,58,zvxqrdt,lexical_decision,FALSE,TRUE,863,NA,NA,nonword
35,59,zxcvb,lexical_decision,FALSE,TRUE,1228,NA,NA,nonword
35,60,knitted,lexical_decision,TRUE,TRUE,1751,7,1.532,low
35,61,glonick,lexical_decision,FALSE,TRUE,831,NA,NA,nonword
35,62,gkfjvmd,lexical_decision,FALSE,TRUE,819,NA,NA,nonword
35,63,heaving,lexical_decision,TRUE,TRUE,821,7,1.505,low
35,64,stend,lexical_decision,FALSE,TRUE,1657,NA,NA,nonword
35,65,maybe,lexical_decision,TRUE,TRUE,961,5,4.674,high
36,2,fphql,lexical_decision,FALSE,TRUE,1120,NA,NA,nonword
36,3,pasty,lexical_decision,TRUE,TRUE,775,5,1.505,low
36,4,claster,lexical_decision,FALSE,TRUE,1896,NA,NA,nonword
36,5,glarp,lexical_decision,FALSE,TRUE,847,NA,NA,nonword
36,6,ploke,lexical_decision,FALSE,TRUE,945,NA,NA,nonword
36,7,doubles,lexical_decision,TRUE,TRUE,706,7,2.173,low
36,8,thing,lexical_decision,TRUE,TRUE,853,5,4.745,high
36,9,blong,lexical_decision,FALSE,TRUE,830,NA,NA,nonword
36,10,vqnfksp,lexical_decision,FALSE,TRUE,693,NA,NA,nonword
36,11,brendle,lexical_decision,FALSE,TRUE,927,NA,NA,nonword
36,12,sorry,lexical_decision,TRUE,TRUE,737,5,4.775,high
36,13,brote,lexical_decision,FALSE,TRUE,775,NA,NA,nonword
36,14,trinity,lexical_decision,TRUE,TRUE,750,7,2.176,low
36,15,exert,lexical_decision,TRUE,TRUE,795,5,1.544,low
36,16,think,lexical_decision,TRUE,TRUE,745,5,5.138,high
36,17,gkfjvmd,lexical_decision,FALSE,TRUE,631,NA,NA,nonword
36,18,glonick,lexical_decision,FALSE,TRUE,716,NA,NA,nonword
36,19,cjvgy,lexical_decision,FALSE,TRUE,814,NA,NA,nonword
36,20,denim,lexical_decision,TRUE,TRUE,684,5,1.532,low
36,21,going,lexical_decision,TRUE,TRUE,720,5,5.035,high
36,22,flirp,lexical_decision,FALSE,TRUE,711,NA,NA,nonword
36,23,where,lexical_decision,TRUE,TRUE,764,5,4.97,high
36,24,qwsdfge,lexical_decision,FALSE,TRUE,717,NA,NA,nonword
36,25,doing,lexical_decision,TRUE,TRUE,733,5,4.72,high
36,26,platter,lexical_decision,TRUE,TRUE,757,7,2.176,low
36,27,ptwxlbn,lexical_decision,FALSE,TRUE,682,NA,NA,nonword
36,28,right,lexical_decision,TRUE,TRUE,673,5,5.311,high
36,29,stend,lexical_decision,FALSE,TRUE,835,NA,NA,nonword
36,30,taunt,lexical_decision,TRUE,TRUE,834,5,1.518,low
36,31,another,lexical_decision,TRUE,TRUE,904,7,4.415,high
36,32,threp,lexical_decision,FALSE,TRUE,702,NA,NA,nonword
36,33,qwsdf,lexical_decision,FALSE,TRUE,883,NA,NA,nonword
36,34,nothing,lexical_decision,TRUE,TRUE,629,7,4.639,high
36,35,lbmwq,lexical_decision,FALSE,TRUE,669,NA,NA,nonword
36,36,ptbwx,lexical_decision,FALSE,TRUE,590,NA,NA,nonword
36,37,tipsy,lexical_decision,TRUE,TRUE,615,5,1.532,low
36,38,maybe,lexical_decision,TRUE,TRUE,547,5,4.674,high
36,39,plimber,lexical_decision,FALSE,TRUE,622,NA,NA,nonword
36,40,aided,lexical_decision,TRUE,TRUE,805,5,1.532,low
36,41,tromple,lexical_decision,FALSE,TRUE,666,NA,NA,nonword
36,42,looking,lexical_decision,TRUE,TRUE,653,7,4.344,high
36,43,lxzctgr,lexical_decision,FALSE,TRUE,577,NA,NA,nonword
36,44,believe,lexical_decision,TRUE,TRUE,553,7,4.504,high
36,45,kwilt,lexical_decision,FALSE,TRUE,555,NA,NA,nonword
36,46,snackle,lexical_decision,FALSE,FALSE,682,NA,NA,nonword
36,47,bcrztxl,lexical_decision,FALSE,TRUE,1140,NA,NA,nonword
36,48,sized,lexical_decision,TRUE,TRUE,578,5,1.518,low
36,49,hmfjpwb,lexical_decision,FALSE,TRUE,538,NA,NA,nonword
36,50,ribbons,lexical_decision,TRUE,TRUE,655,7,2.176,low
36,51,trilogy,lexical_decision,TRUE,TRUE,659,7,1.518,low
36,52,heaving,lexical_decision,TRUE,TRUE,770,7,1.505,low
36,53,tpszk,lexical_decision,FALSE,TRUE,616,NA,NA,nonword
36,54,morning,lexical_decision,TRUE,TRUE,619,7,4.35,high
36,55,knitted,lexical_decision,TRUE,TRUE,650,7,1.532,low
36,56,woven,lexical_decision,TRUE,TRUE,634,5,1.518,low
36,57,bkgtl,lexical_decision,FALSE,TRUE,597,NA,NA,nonword
36,58,inhabit,lexical_decision,TRUE,TRUE,617,7,1.532,low
36,59,frosket,lexical_decision,FALSE,TRUE,1019,NA,NA,nonword
36,60,thought,lexical_decision,TRUE,TRUE,651,7,4.615,high
36,61,zvxqrdt,lexical_decision,FALSE,TRUE,621,NA,NA,nonword
36,62,talking,lexical_decision,TRUE,TRUE,711,7,4.405,high
36,63,through,lexical_decision,TRUE,TRUE,980,7,4.448,high
36,64,splinth,lexical_decision,FALSE,TRUE,644,NA,NA,nonword
36,65,zxcvb,lexical_decision,FALSE,FALSE,769,NA,NA,nonword
